159	10358
159	7234
159	7235
159	7318
159	8503
159	16855
159	17102
159	17183
159	17184
159	17185
159	17186
159	17187
159	17188
159	17189
159	17190
159	17191
159	17192
159	17193
159	17194
159	17195
159	17278
159	17279
159	17298
159	17320
159	17321
159	17447
159	17448
159	17475
159	17591
159	17702
159	2949
159	2950
159	2951
159	2959
159	2960
159	2962
159	2963
159	2964
159	2965
159	2967
159	2968
159	2975
159	2976
159	2977
159	2978
159	2979
159	2989
159	2990
159	3051
159	3100
159	3103
159	3104
159	3105
159	3106
159	3107
159	3110
159	3111
159	3112
159	3113
159	3114
159	3115
159	3116
159	3117
159	3118
159	3119
159	3120
159	3121
159	3122
159	3126
159	3127
159	3128
159	3129
159	3130
159	3131
159	3141
159	3192
159	3195
159	3196
159	3197
159	3198
159	3199
159	3203
159	3204
159	3205
159	3206
159	3207
159	3232
159	3535
159	3566
159	3662
159	40
159	46
159	60
159	61
159	79
159	94
159	97
159	99
159	100
159	116
159	285
159	327
159	390
159	448
159	472
159	473
159	474
159	475
159	476
159	478
159	524
159	583
159	732
159	735
159	880
159	881
159	1115
159	1116
159	1117
159	1118
159	1119
159	1134
159	1135
159	1137
159	1211
159	1260
159	1271
159	1388
159	1397
159	1520
159	1522
159	1523
159	1525
159	1526
159	1527
159	1529
159	1531
159	1533
159	1535
159	1537
159	1543
159	1544
159	1545
159	1654
159	1655
159	1656
159	1657
159	1658
159	1660
159	1662
159	1664
159	1665
159	1674
159	1675
159	1753
159	1910
159	1911
159	1934
159	1935
159	1936
159	1941
159	1946
159	1993
159	1995
159	1999
159	2002
159	2003
159	2004
159	2005
159	2006
159	2007
159	2008
159	2009
159	2010
159	2011
159	2012
159	2013
159	2014
159	2015
159	2017
159	2018
159	2019
159	2020
159	2021
159	2022
159	2025
159	2027
159	2029
159	2030
159	2038
159	2039
159	2044
159	2152
159	2162
159	2166
159	14428
159	14431
159	14432
159	15407
159	15408
159	15420
159	15641
159	15642
159	15643
159	15645
159	15654
159	15655
159	15656
159	15657
159	15658
159	15668
159	15669
159	15670
159	15937
159	15949
159	15950
159	15958
159	15965
159	15968
159	16162
159	16294
159	16300
159	5426
159	5429
159	5785
159	5786
159	5787
159	5808
159	5809
159	5822
159	5824
159	5826
159	6093
159	6113
159	6123
159	6124
159	6128
159	6846
159	6866
159	6911
159	6927
182	103
723	157
723	345
723	454
723	547
725	98
725	117
725	123
725	124
725	125
725	452
725	453
725	500
725	501
725	506
725	1065
725	1426
729	154
729	199
729	462
729	1109
729	1809
729	4154
729	4158
730	3654
730	3737
730	3739
730	3740
730	3742
730	126
730	127
730	171
730	285
730	391
730	422
730	456
730	458
730	513
730	515
730	517
730	519
730	520
730	544
730	545
730	548
730	578
730	645
730	732
730	735
730	1024
730	1025
730	1026
730	1027
730	1028
730	1029
730	1083
730	1259
730	1418
730	1767
730	1768
730	1908
730	1909
730	1957
730	1958
730	2201
730	2202
730	2203
730	2204
730	2205
730	2206
730	2207
730	2208
730	4818
730	4819
730	4820
730	6243
730	7015
730	10323
730	10643
730	14270
730	16402
730	16403
730	17325
730	17326
730	17327
730	17328
730	17329
730	17330
730	17496
731	157
731	454
732	36
732	114
732	115
732	480
732	573
735	46
735	515
735	735
742	5881
750	704
750	705
752	38
769	113
769	119
769	157
769	330
769	390
769	454
769	524
769	547
769	1125
769	1126
769	1127
769	1190
769	1191
769	1192
769	1689
769	3099
769	3100
769	3225
772	40
772	327
772	475
772	476
773	40
773	327
773	475
773	476
780	46
780	732
782	97
782	478
814	5836
814	9336
814	14433
814	36
814	114
814	115
814	480
814	573
814	1030
814	1031
814	1032
814	1033
814	1731
814	3286
814	3992
814	3993
829	95
829	121
829	122
829	449
829	450
829	481
829	502
829	504
829	589
829	590
829	6180
884	3
884	210
884	570
884	604
884	948
915	594
915	598
915	619
915	634
915	636
915	657
915	824
915	1725
915	1726
915	1727
915	1729
915	1732
915	4416
915	4417
915	4418
929	314
929	334
929	335
929	412
929	486
929	522
929	531
929	1200
929	1663
929	1666
929	1696
929	1716
929	1717
929	1755
929	4490
929	4511
929	4969
929	5797
929	5798
929	5799
929	5800
929	5851
929	5859
929	5864
929	5915
929	5916
929	5930
929	5931
929	5932
929	6168
929	6209
929	6426
929	6427
929	20424
929	7050
929	7067
929	7068
929	7069
929	7070
929	7071
929	7072
929	7073
929	7074
929	7075
929	7360
929	7849
929	12918
929	14267
929	14275
929	15747
929	15748
929	15806
929	15807
929	15814
929	15815
929	10720
929	10882
929	11876
929	12860
929	2417
929	2745
929	3799
929	3844
929	3849
929	3850
929	3879
929	3893
929	3898
929	3899
929	3900
929	3998
929	4002
929	4113
929	4293
981	327
1006	330
1013	426
1013	430
1013	446
1013	580
1013	14271
1015	213
1015	521
1015	565
1015	628
1015	923
1015	1258
1015	10644
1015	3823
1015	3824
1015	3825
1015	3861
1015	3862
1015	3863
1015	4274
1019	116
1019	473
1019	474
1019	583
1019	880
1019	881
1019	6846
1019	6866
1019	6927
1075	429
1075	431
1075	432
1075	433
1075	434
1075	568
1075	579
1075	703
1075	947
1080	428
1081	217
1081	442
1081	505
1081	539
1081	569
1081	574
1081	616
1081	930
1081	949
1081	1111
1081	1112
1081	1184
1081	1185
1081	1195
1081	1822
1081	1823
1081	1825
1081	1998
1081	2348
1081	2349
1081	2350
1081	2563
1081	2565
1081	3819
1081	3820
1081	3821
1081	4005
1081	4006
1081	4007
1081	4040
1081	4263
1081	4264
1081	14266
1081	14279
1081	11921
1129	3
1129	210
1129	570
1129	604
1129	948
1129	1270
1130	217
1130	539
1130	569
1130	574
1130	930
1130	949
1179	4416
1179	4417
1179	4418
1179	5048
1179	5055
1179	5682
1179	5755
1179	5756
1179	5761
1179	5775
1179	5830
1179	5835
1179	5836
1179	5837
1179	5838
1179	5841
1179	5863
1179	6020
1179	6133
1179	6180
1179	6466
1179	6494
1179	6497
1179	6570
1179	6606
1179	6909
1179	7015
1179	7016
1179	7017
1179	95
1179	98
1179	117
1179	121
1179	122
1179	123
1179	124
1179	125
1179	126
1179	127
1179	157
1179	171
1179	379
1179	391
1179	422
1179	423
1179	424
1179	426
1179	430
1179	440
1179	446
1179	449
1179	450
1179	452
1179	453
1179	454
1179	456
1179	458
1179	481
1179	485
1179	500
1179	501
1179	502
1179	504
1179	505
1179	506
1179	513
1179	515
1179	517
1179	518
1179	519
1179	520
1179	545
1179	548
1179	550
1179	572
1179	578
1179	580
1179	589
1179	590
1179	594
1179	596
1179	598
1179	599
1179	619
1179	622
1179	623
1179	624
1179	625
1179	626
1179	634
1179	636
1179	639
1179	641
1179	642
1179	643
1179	644
1179	645
1179	646
1179	647
1179	657
1179	711
1179	712
1179	824
1179	834
1179	846
1179	1065
1179	1083
1179	1161
1179	1162
1179	1163
1179	1164
1179	1165
1179	1166
1179	1167
1179	1169
1179	1172
1179	1174
1179	1175
1179	1176
1179	1177
1179	1178
1179	1179
1179	1180
1179	1181
1179	1183
1179	1197
1179	1205
1179	1206
1179	1207
1179	1210
1179	1222
1179	1236
1179	1380
1179	1388
1179	1393
1179	1398
1179	1399
1179	1424
1179	1425
1179	1426
1179	1725
1179	1726
1179	1727
1179	1729
1179	1731
1179	1732
1179	1763
1179	1766
1179	1767
1179	1768
1179	1769
1179	1770
1179	1772
1179	1773
1179	1778
1179	1779
1179	1782
1179	1797
1179	1865
1179	1866
1179	1867
1179	1868
1179	1869
1179	1870
1179	1888
1179	1889
1179	1891
1179	1892
1179	1893
1179	1894
1179	1895
1179	1896
1179	1908
1179	1909
1179	1912
1179	1913
1179	1914
1179	1915
1179	1920
1179	1924
1179	1939
1179	1940
1179	1942
1179	1943
1179	1944
1179	1947
1179	1948
1179	1953
1179	1954
1179	1955
1179	1956
1179	1957
1179	1958
1179	1971
1179	1972
1179	1973
1179	1974
1179	1981
1179	1983
1179	2053
1179	2054
1179	2060
1179	2061
1179	2062
1179	2063
1179	2064
1179	2065
1179	2066
1179	2067
1179	2068
1179	2106
1179	2120
1179	2149
1179	2156
1179	2157
1179	2158
1179	2159
1179	2160
1179	2164
1179	2167
1179	2168
1179	2169
1179	2170
1179	2171
1179	2174
1179	2176
1179	2177
1179	2178
1179	2179
1179	2180
1179	2181
1179	2182
1179	2183
1179	2184
1179	2185
1179	2186
1179	2189
1179	2190
1179	2191
1179	2192
1179	2201
1179	2202
1179	2203
1179	2204
1179	2205
1179	2206
1179	2207
1179	2208
1179	2212
1179	2231
1179	2232
1179	2234
1179	2235
1179	2236
1179	2283
1179	10157
1179	10158
1179	10159
1179	10160
1179	10323
1179	10373
1179	10485
1179	11318
1179	11319
1179	11322
1179	11323
1179	11324
1179	11517
1179	11518
1179	11519
1179	11520
1179	11551
1179	11714
1179	11910
1179	11911
1179	11912
1179	11913
1179	11914
1179	11915
1179	11917
1179	11918
1179	12138
1179	12319
1179	12320
1179	12321
1179	2324
1179	2332
1179	2336
1179	2337
1179	2338
1179	2339
1179	2477
1179	2478
1179	3239
1179	3256
1179	3258
1179	3260
1179	3261
1179	3263
1179	3265
1179	3266
1179	3267
1179	3268
1179	3269
1179	3270
1179	3271
1179	3272
1179	3273
1179	3274
1179	3275
1179	3276
1179	3277
1179	3278
1179	3279
1179	3280
1179	3282
1179	3283
1179	3284
1179	3285
1179	3286
1179	3379
1179	3380
1179	3381
1179	3382
1179	3383
1179	3384
1179	3385
1179	3386
1179	3393
1179	3394
1179	3395
1179	3396
1179	3397
1179	3438
1179	3445
1179	3452
1179	3454
1179	3455
1179	3456
1179	3461
1179	3464
1179	3465
1179	3467
1179	3470
1179	3471
1179	3528
1179	3529
1179	3530
1179	3531
1179	3532
1179	3533
1179	3577
1179	3578
1179	3586
1179	3619
1179	3640
1179	3654
1179	3655
1179	3660
1179	3662
1179	3667
1179	3669
1179	3670
1179	3671
1179	3672
1179	3673
1179	3712
1179	3713
1179	3715
1179	3717
1179	3727
1179	3730
1179	3823
1179	3840
1179	3853
1179	3855
1179	3862
1179	3875
1179	3944
1179	3947
1179	3988
1179	3989
1179	3991
1179	3992
1179	3993
1179	3999
1179	4001
1179	4003
1179	4012
1179	4014
1179	4036
1179	4070
1179	4096
1179	4316
1179	13157
1179	14270
1179	14271
1179	14429
1179	16247
1179	16301
1179	16302
1179	16303
1179	16305
1179	16307
1179	16308
1179	16309
1179	16311
1179	16314
1179	16315
1179	16318
1179	7050
1179	7053
1179	7067
1179	7287
1179	7288
1179	9336
1179	9456
1179	9523
1179	9524
1179	16322
1179	16323
1179	16325
1179	16326
1179	16327
1179	16328
1179	16330
1179	16331
1179	16332
1179	16333
1179	16334
1179	16335
1179	16337
1179	16340
1179	16341
1179	16342
1179	16343
1179	16344
1179	16345
1179	16346
1179	16358
1179	16402
1179	16403
1179	16469
1179	17210
1179	17320
1179	17322
1179	17323
1179	17324
1179	17325
1179	17326
1179	17327
1179	17328
1179	17329
1179	17330
1179	17331
1179	17333
1179	17334
1179	17336
1179	17337
1179	17338
1179	17339
1179	17340
1179	17341
1179	17342
1179	17494
1179	17496
1179	17524
1179	17604
1179	17606
1179	17607
1179	17608
1179	17609
1179	17610
1179	17664
1179	17678
1179	17701
1179	17713
1179	17714
1179	17715
1206	7067
1206	7068
1206	7360
1206	8179
1206	9438
1206	9445
1206	9456
1206	9476
1206	9523
1206	9524
1206	9676
1206	16329
1206	334
1206	335
1206	412
1206	450
1206	486
1206	531
1206	1716
1206	1717
1206	1755
1206	2158
1206	2159
1206	2160
1206	2477
1206	3257
1206	3395
1206	3398
1206	3475
1206	3619
1206	3799
1206	3849
1206	3850
1206	3865
1206	3879
1206	3893
1206	3898
1206	4002
1206	4113
1206	4264
1206	4293
1206	10373
1206	10720
1206	10882
1206	10992
1206	11517
1206	11519
1206	12876
1206	4511
1206	4627
1206	4689
1206	4978
1206	5762
1206	5763
1206	5797
1206	5798
1206	5799
1206	5800
1206	5828
1206	5830
1206	5831
1206	5841
1206	5842
1206	5859
1206	5864
1206	5916
1206	5932
1206	6071
1206	6168
1206	6180
1206	6209
1206	6215
1206	6575
1206	12940
1206	14267
1206	14357
1206	15808
1206	16245
1206	16246
1221	441
1221	14272
1256	285
1256	735
1260	486
1261	436
1274	36
1274	114
1274	115
1274	480
1274	573
1381	550
1467	422
1467	544
1467	545
1467	548
1467	578
1467	1083
1467	14270
1468	14270
1468	3654
1468	3737
1468	3739
1468	3740
1468	3742
1468	10643
1468	126
1468	127
1468	171
1468	285
1468	422
1468	456
1468	458
1468	513
1468	515
1468	517
1468	544
1468	545
1468	548
1468	578
1468	732
1468	735
1468	1024
1468	1025
1468	1026
1468	1027
1468	1028
1468	1029
1468	1083
1468	1259
1468	1418
1468	4818
1468	4819
1468	4820
1468	6243
1519	587
1519	588
1519	595
1519	597
1519	660
1519	671
1519	694
1519	697
1519	699
1519	701
1519	702
1524	667
1524	669
1524	670
1524	672
1524	696
1524	780
1524	781
1524	782
1524	783
1524	784
1524	1059
1524	1061
1524	1062
1529	314
1529	334
1529	412
1529	522
1529	775
1529	815
1529	1716
1529	1717
1529	1755
1529	2417
1529	2434
1529	2602
1529	2721
1529	3799
1529	3984
1529	3985
1529	4113
1529	4293
1529	4342
1529	4355
1529	4358
1529	4360
1529	4391
1529	4396
1529	4411
1529	7068
1529	7069
1529	7070
1529	7071
1529	7072
1529	7073
1529	7075
1529	7349
1529	7351
1529	7360
1529	8138
1529	8716
1529	9445
1529	9476
1529	10720
1529	10882
1529	10992
1529	11937
1529	12397
1529	12836
1529	12876
1529	28941
1529	28942
1529	4413
1529	4490
1529	4511
1529	4660
1529	4689
1529	4978
1529	5046
1529	5623
1529	5760
1529	5827
1529	5859
1529	5916
1529	5930
1529	5934
1529	5935
1529	5937
1529	6069
1529	6070
1529	6071
1529	6146
1529	6168
1529	6215
1529	6426
1529	6427
1529	6575
1529	12976
1529	12977
1529	13718
1529	15620
1532	671
1598	202
1598	531
1708	2358
1708	2359
1708	2374
1708	2375
1708	2376
1708	2377
1708	2411
1708	2412
1708	2413
1708	2414
1708	2415
1708	2416
1708	2417
1708	2420
1708	2421
1708	2422
1708	2423
1708	2431
1708	2434
1708	2440
1708	2452
1708	2453
1708	2544
1708	2545
1708	2552
1708	2553
1708	2554
1708	2555
1708	2556
1708	2557
1708	2558
1708	2562
1708	2564
1708	2566
1708	2567
1708	2569
1708	2570
1708	2571
1708	2572
1708	2573
1708	2574
1708	2575
1708	2577
1708	2581
1708	2582
1708	2583
1708	2584
1708	2585
1708	2586
1708	2587
1708	2588
1708	2589
1708	2590
1708	2591
1708	2595
1708	2596
1708	2597
1708	2598
1708	2599
1708	2600
1708	2601
1708	2602
1708	2603
1708	2604
1708	2605
1708	2606
1708	2607
1708	2609
1708	2612
1708	2618
1708	2619
1708	2624
1708	2628
1708	2635
1708	2636
1708	2701
1708	2714
1708	2715
1708	2716
1708	2717
1708	2718
1708	2720
1708	2721
1708	2723
1708	2729
1708	2732
1708	2733
1708	2738
1708	2739
1708	2740
1708	2742
1708	2743
1708	2744
1708	2745
1708	2764
1708	2765
1708	2773
1708	2779
1708	2780
1708	2781
1708	2782
1708	2783
1708	2793
1708	2817
1708	2831
1708	2892
1708	2893
1708	2894
1708	2906
1708	2907
1708	2932
1708	2945
1708	3715
1708	3981
1708	3984
1708	3985
1708	4062
1708	4063
1708	4095
1708	4096
1708	4130
1708	4131
1708	4132
1708	4133
1708	4260
1708	4280
1708	4281
1708	4282
1708	4283
1708	4284
1708	4285
1708	4286
1708	4287
1708	4288
1708	4289
1708	4290
1708	4291
1708	4292
1708	4293
1708	4294
1708	4295
1708	4296
1708	4297
1708	4298
1708	4299
1708	4300
1708	4301
1708	4302
1708	4303
1708	4306
1708	4308
1708	4358
1708	4359
1708	4360
1708	4361
1708	4362
1708	4363
1708	4382
1708	4385
1708	4386
1708	4387
1708	4401
1708	4402
1708	11559
1708	11561
1708	11562
1708	11563
1708	11657
1708	11685
1708	11686
1708	11876
1708	12347
1708	12836
1708	12865
1708	4457
1708	4458
1708	4459
1708	4460
1708	4461
1708	4479
1708	4480
1708	4481
1708	4504
1708	4540
1708	4632
1708	4633
1708	4634
1708	4635
1708	4636
1708	4637
1708	4638
1708	4639
1708	4640
1708	4641
1708	4642
1708	4643
1708	4644
1708	4645
1708	4646
1708	4647
1708	4648
1708	4649
1708	4651
1708	4652
1708	4653
1708	4654
1708	4655
1708	4656
1708	4657
1708	4658
1708	4659
1708	4663
1708	4664
1708	4665
1708	4666
1708	4667
1708	4668
1708	4670
1708	4671
1708	4672
1708	4673
1708	4674
1708	4675
1708	4677
1708	4679
1708	4680
1708	4682
1708	4684
1708	4686
1708	4687
1708	4705
1708	4711
1708	4712
1708	4713
1708	4714
1708	4715
1708	4716
1708	4718
1708	4719
1708	4723
1708	4834
1708	4844
1708	4845
1708	4846
1708	4847
1708	4850
1708	4851
1708	4852
1708	4856
1708	5044
1708	5045
1708	5046
1708	5057
1708	5085
1708	5086
1708	5184
1708	5402
1708	5477
1708	5600
1708	5601
1708	5602
1708	5622
1708	5643
1708	5760
1708	5771
1708	5846
1708	5933
1708	6068
1708	6069
1708	6070
1708	6072
1708	6238
1708	6426
1708	6427
1708	6547
1708	6575
1708	6733
1708	6910
1708	17115
1708	17300
1708	18241
1708	379
1708	412
1708	422
1708	469
1708	587
1708	588
1708	595
1708	597
1708	660
1708	667
1708	670
1708	671
1708	674
1708	677
1708	680
1708	681
1708	684
1708	687
1708	689
1708	690
1708	694
1708	696
1708	697
1708	699
1708	701
1708	702
1708	755
1708	757
1708	759
1708	760
1708	761
1708	762
1708	763
1708	764
1708	765
1708	766
1708	775
1708	780
1708	813
1708	814
1708	815
1708	861
1708	862
1708	871
1708	873
1708	875
1708	877
1708	879
1708	921
1708	937
1708	938
1708	939
1708	940
1708	941
1708	942
1708	943
1708	976
1708	977
1708	978
1708	979
1708	1062
1708	1094
1708	1095
1708	1096
1708	1097
1708	1106
1708	1142
1708	1144
1708	1561
1708	1562
1708	1563
1708	1564
1708	1565
1708	1653
1708	2240
1708	2241
1708	2242
1708	2243
1708	2245
1708	2246
1708	2247
1708	2248
1708	2249
1708	2250
1708	2251
1708	2252
1708	2253
1708	2254
1708	2255
1708	2256
1708	2257
1708	2271
1708	2272
1708	2287
1708	2304
1708	2306
1708	2318
1708	2319
1708	2320
1708	12976
1708	12977
1708	13019
1708	14221
1708	14225
1708	14226
1708	14229
1708	14230
1708	14231
1708	14356
1708	14487
1708	14488
1708	23554
1708	23555
1708	23589
1708	23590
1708	23591
1708	23592
1708	23593
1708	23594
1708	23595
1708	23620
1708	23637
1708	23701
1708	23714
1708	23786
1708	23841
1708	24477
1708	28557
1708	28559
1708	28576
1708	28577
1708	28819
1708	28822
1708	28941
1708	28942
1708	28945
1708	28946
1708	7030
1708	7057
1708	7175
1708	7327
1708	7328
1708	7329
1708	7332
1708	7334
1708	7335
1708	7337
1708	7340
1708	7341
1708	7342
1708	7344
1708	7345
1708	7346
1708	7347
1708	7348
1708	7351
1708	7352
1708	7353
1708	7356
1708	7357
1708	7358
1708	7360
1708	7872
1708	7873
1708	7874
1708	7895
1708	8567
1708	8637
1708	9691
1875	626
1894	623
1894	624
1894	625
1931	448
1946	511
1968	300
2004	808
2070	61
2070	94
2070	99
2070	116
2070	285
2070	327
2070	448
2070	473
2070	474
2070	475
2070	476
2070	478
2070	525
2070	583
2070	732
2070	880
2070	881
2070	1657
2070	1660
2070	1662
2070	1664
2070	1665
2070	1934
2070	1935
2070	1936
2070	1993
2070	2003
2070	2004
2070	2005
2070	2007
2070	2008
2070	2009
2070	2010
2070	2011
2070	2012
2070	2015
2070	2017
2070	2018
2070	2019
2070	2020
2070	2021
2070	2038
2070	7318
2070	2949
2070	2950
2070	2951
2070	2960
2070	2962
2070	2963
2070	2964
2070	2965
2070	2976
2070	2977
2070	2978
2070	2979
2070	2989
2070	2990
2070	3103
2070	3104
2070	3106
2070	3111
2070	3112
2070	3113
2070	3114
2070	3115
2070	3116
2070	3117
2070	3118
2070	3119
2070	3120
2070	3121
2070	3122
2070	3128
2070	3129
2070	3130
2070	3131
2070	3192
2070	3195
2070	3196
2070	3197
2070	3198
2070	3199
2070	3203
2070	3204
2070	3205
2070	3206
2070	3207
2070	3227
2070	3662
2070	3691
2070	3693
2070	3694
2070	3695
2070	14431
2070	15642
2070	15643
2070	15645
2070	15656
2070	15668
2070	15669
2070	15949
2070	15968
2070	16162
2070	16294
2070	5786
2070	5808
2070	5809
2070	6093
2070	6113
2070	6123
2070	6846
2070	6866
2070	6927
2070	17184
2070	17195
2239	473
2251	2348
2251	2349
2251	2350
2251	2563
2251	2565
2251	3819
2251	3820
2251	3821
2251	4040
2251	217
2251	539
2251	569
2251	574
2251	616
2251	930
2251	949
2251	1111
2251	1112
2251	14279
2296	345
2296	547
2318	15651
2318	15652
2318	16250
2318	16348
2318	16349
2318	16354
2318	16355
2319	16349
2319	16355
2378	48
2378	202
2378	203
2378	531
2378	785
2378	787
2378	1110
2382	314
2447	13021
2447	13022
2447	13141
2447	13142
2447	13196
2447	13197
2447	13285
2447	14303
2447	14424
2447	14430
2447	14433
2447	14448
2447	15635
2447	15636
2447	15637
2447	2529
2447	3257
2447	3465
2447	3535
2447	3640
2447	3733
2447	3780
2447	3783
2447	3834
2447	3840
2447	3853
2447	3862
2447	3919
2447	3931
2447	3947
2447	4028
2447	4029
2447	4030
2447	10485
2447	10641
2447	11458
2447	11459
2447	11461
2447	11462
2447	11464
2447	11465
2447	11690
2447	11714
2447	12219
2447	12220
2447	12221
2447	12223
2447	12224
2447	12836
2447	448
2447	636
2447	641
2447	657
2447	764
2447	765
2447	1729
2447	1812
2447	1813
2447	1892
2447	1896
2447	1954
2447	1955
2447	1956
2447	2044
2447	2149
2447	2166
2447	2192
2447	7050
2447	7101
2447	7104
2447	7138
2447	7139
2447	7149
2447	8384
2447	9601
2447	4541
2447	5048
2447	5055
2447	5354
2447	5481
2447	5485
2447	5490
2447	5756
2447	5761
2447	5775
2447	5799
2447	5822
2447	5823
2447	5881
2447	6113
2447	6218
2447	6219
2447	6517
2447	6866
2447	16438
2447	17352
2447	17353
2449	17352
2449	17353
2449	634
2449	641
2449	657
2449	659
2449	764
2449	765
2449	1706
2449	1707
2449	1708
2449	1711
2449	1715
2449	1717
2449	1729
2449	1801
2449	1805
2449	1812
2449	1813
2449	1954
2449	1955
2449	1956
2449	2160
2449	2166
2449	10041
2449	10318
2449	10371
2449	10372
2449	10375
2449	10411
2449	10417
2449	10471
2449	10485
2449	10486
2449	10641
2449	11356
2449	11361
2449	11371
2449	11441
2449	11444
2449	11458
2449	11459
2449	11461
2449	11462
2449	11464
2449	11465
2449	11517
2449	12101
2449	12206
2449	12207
2449	12219
2449	12220
2449	12223
2449	12224
2449	12460
2449	12468
2449	12836
2449	12902
2449	13021
2449	13022
2449	13141
2449	13142
2449	13196
2449	13197
2449	13285
2449	13323
2449	14303
2449	14448
2449	15233
2449	15635
2449	15636
2449	15637
2449	16135
2449	2529
2449	3535
2449	3640
2449	3733
2449	3780
2449	3783
2449	3834
2449	3840
2449	3844
2449	3853
2449	3855
2449	3859
2449	3862
2449	3863
2449	3873
2449	3875
2449	3877
2449	3919
2449	3931
2449	3947
2449	4028
2449	4029
2449	4030
2449	4295
2449	4302
2449	4541
2449	4799
2449	4811
2449	4812
2449	4827
2449	5048
2449	5053
2449	5055
2449	5056
2449	5270
2449	5481
2449	5485
2449	5490
2449	5755
2449	5756
2449	5761
2449	5775
2449	5823
2449	5881
2449	6207
2449	6218
2449	6219
2449	6250
2449	6498
2449	6503
2449	6504
2449	6517
2449	6560
2449	6866
2449	7101
2449	7104
2449	7138
2449	7139
2449	7149
2449	7168
2449	7462
2449	8384
2449	8886
2449	8892
2449	9262
2449	9268
2449	9447
2449	9601
2455	12918
2455	12921
2455	15806
2455	15807
2455	15810
2455	15812
2455	15813
2455	15814
2455	2477
2455	3270
2455	3395
2455	3529
2455	3531
2455	3533
2455	3619
2455	3865
2455	4001
2455	10373
2455	11517
2455	11519
2455	11714
2455	12138
2455	12319
2455	12320
2455	12321
2455	334
2455	335
2455	450
2455	1210
2455	1380
2455	1716
2455	1892
2455	1893
2455	1896
2455	1981
2455	2060
2455	2061
2455	2062
2455	2063
2455	2064
2455	2065
2455	2066
2455	2067
2455	2068
2455	2149
2455	2158
2455	2159
2455	2160
2455	7360
2455	9456
2455	9523
2455	9524
2455	5830
2455	5841
2455	6180
2455	16358
2455	17609
2455	17610
2455	17664
2455	17715
2466	670
2466	780
2476	690
2536	1161
2536	1162
2536	1163
2536	1164
2536	1165
2536	1166
2536	1167
2536	1197
2536	1393
2561	1210
2589	4416
2589	4417
2589	4418
2589	4462
2589	4463
2589	4464
2589	4787
2589	4788
2589	4789
2589	4798
2589	4799
2589	4805
2589	4809
2589	4810
2589	4811
2589	4812
2589	4813
2589	4814
2589	4820
2589	4823
2589	4827
2589	4832
2589	4969
2589	5048
2589	5055
2589	5426
2589	5429
2589	5682
2589	5683
2589	5755
2589	5756
2589	5761
2589	5785
2589	5786
2589	5787
2589	5797
2589	5798
2589	5799
2589	5800
2589	5808
2589	5809
2589	5822
2589	5824
2589	5826
2589	5828
2589	5830
2589	5835
2589	5836
2589	5837
2589	5838
2589	5847
2589	5848
2589	5849
2589	5851
2589	5859
2589	5863
2589	5864
2589	5931
2589	5932
2589	6093
2589	6113
2589	6123
2589	6124
2589	6128
2589	6132
2589	6133
2589	6180
2589	6466
2589	6494
2589	6497
2589	6547
2589	6570
2589	6606
2589	6668
2589	6846
2589	6866
2589	6909
2589	6911
2589	6927
2589	16321
2589	16322
2589	16323
2589	16325
2589	16326
2589	16327
2589	16328
2589	16329
2589	16330
2589	16331
2589	16332
2589	16333
2589	16334
2589	16335
2589	16337
2589	16340
2589	16341
2589	16342
2589	16343
2589	16344
2589	16345
2589	16346
2589	16358
2589	16469
2589	16855
2589	17183
2589	17184
2589	17185
2589	17186
2589	17187
2589	17188
2589	17189
2589	17210
2589	17278
2589	17279
2589	17320
2589	17321
2589	17322
2589	17323
2589	17324
2589	17337
2589	17338
2589	17339
2589	17340
2589	17341
2589	17342
2589	17359
2589	17448
2589	17494
2589	17524
2589	17528
2589	17604
2589	17606
2589	17607
2589	17608
2589	17609
2589	17610
2589	17664
2589	17678
2589	17702
2589	17714
2589	20424
2589	2324
2589	2332
2589	2336
2589	2337
2589	2338
2589	2339
2589	2360
2589	2387
2589	2403
2589	2427
2589	2428
2589	2449
2589	2451
2589	2477
2589	2478
2589	2529
2589	2949
2589	2950
2589	2951
2589	2959
2589	2960
2589	2962
2589	2963
2589	2964
2589	2965
2589	2967
2589	2968
2589	2975
2589	2976
2589	2977
2589	2978
2589	2979
2589	2989
2589	2990
2589	3051
2589	3103
2589	3104
2589	3106
2589	3111
2589	3112
2589	3113
2589	3114
2589	3115
2589	3116
2589	3117
2589	3118
2589	3119
2589	3120
2589	3121
2589	3122
2589	3128
2589	3129
2589	3130
2589	3131
2589	3192
2589	3195
2589	3196
2589	3197
2589	3198
2589	3199
2589	3203
2589	3204
2589	3205
2589	3206
2589	3207
2589	3232
2589	3258
2589	3260
2589	3261
2589	3263
2589	3265
2589	3266
2589	3267
2589	3268
2589	3269
2589	3270
2589	3271
2589	3272
2589	3273
2589	3274
2589	3275
2589	3276
2589	3277
2589	3278
2589	3279
2589	3280
2589	3282
2589	3283
2589	3284
2589	3285
2589	3286
2589	3374
2589	3375
2589	3376
2589	3377
2589	3378
2589	3379
2589	3380
2589	3381
2589	3382
2589	3383
2589	3384
2589	3385
2589	3386
2589	3392
2589	3393
2589	3394
2589	3395
2589	3396
2589	3397
2589	3414
2589	3434
2589	3435
2589	3436
2589	3438
2589	3445
2589	3452
2589	3454
2589	3455
2589	3456
2589	3457
2589	3458
2589	3459
2589	3465
2589	3467
2589	3470
2589	3471
2589	3528
2589	3529
2589	3530
2589	3531
2589	3532
2589	3533
2589	3566
2589	3577
2589	3578
2589	3586
2589	3640
2589	3655
2589	3660
2589	3662
2589	3664
2589	3667
2589	3669
2589	3670
2589	3671
2589	3672
2589	3673
2589	3712
2589	3715
2589	3725
2589	3727
2589	3728
2589	3730
2589	3732
2589	3733
2589	3734
2589	3735
2589	3736
2589	3743
2589	3745
2589	3746
2589	3748
2589	3749
2589	3750
2589	3758
2589	3762
2589	3772
2589	3797
2589	3840
2589	3844
2589	3849
2589	3850
2589	3853
2589	3855
2589	3859
2589	3862
2589	3863
2589	3864
2589	3865
2589	3872
2589	3873
2589	3875
2589	3877
2589	3879
2589	3887
2589	3893
2589	3898
2589	3899
2589	3900
2589	3917
2589	3921
2589	3922
2589	3923
2589	3924
2589	3925
2589	3926
2589	3947
2589	3986
2589	3987
2589	3988
2589	3989
2589	3991
2589	3992
2589	3993
2589	3998
2589	3999
2589	4001
2589	4002
2589	4003
2589	4004
2589	4013
2589	4022
2589	4023
2589	4024
2589	4025
2589	4026
2589	4027
2589	4042
2589	4051
2589	4052
2589	4053
2589	4054
2589	4057
2589	4061
2589	4064
2589	4065
2589	4070
2589	4073
2589	4074
2589	4095
2589	4096
2589	4275
2589	4278
2589	12918
2589	13157
2589	14267
2589	14271
2589	14281
2589	14425
2589	14428
2589	14429
2589	14431
2589	14432
2589	15407
2589	15408
2589	15420
2589	15641
2589	15642
2589	15643
2589	15645
2589	15654
2589	15655
2589	15656
2589	15657
2589	15658
2589	15668
2589	15669
2589	15670
2589	15949
2589	15958
2589	15965
2589	15968
2589	16162
2589	16245
2589	16246
2589	16247
2589	16248
2589	16249
2589	16250
2589	16294
2589	16300
2589	16301
2589	16302
2589	16303
2589	16305
2589	16307
2589	16308
2589	16309
2589	16311
2589	16314
2589	16315
2589	16317
2589	16318
2589	16320
2589	7170
2589	7234
2589	7235
2589	7318
2589	8503
2589	9336
2589	9456
2589	9523
2589	9524
2589	22060
2589	22062
2589	10358
2589	10373
2589	10639
2589	11318
2589	11319
2589	11322
2589	11323
2589	11324
2589	11517
2589	11518
2589	11519
2589	11520
2589	11714
2589	11858
2589	11910
2589	11911
2589	11912
2589	11913
2589	11914
2589	11915
2589	11917
2589	11918
2589	12319
2589	12320
2589	12657
2589	12856
2589	12860
2589	12896
2589	12897
2589	12902
2589	3
2589	40
2589	60
2589	61
2589	79
2589	94
2589	95
2589	97
2589	98
2589	99
2589	100
2589	116
2589	117
2589	121
2589	122
2589	123
2589	124
2589	125
2589	202
2589	203
2589	213
2589	215
2589	218
2589	232
2589	285
2589	327
2589	334
2589	397
2589	423
2589	424
2589	426
2589	429
2589	430
2589	431
2589	432
2589	433
2589	434
2589	435
2589	436
2589	437
2589	440
2589	445
2589	446
2589	448
2589	449
2589	450
2589	452
2589	453
2589	456
2589	472
2589	473
2589	474
2589	475
2589	476
2589	478
2589	481
2589	485
2589	486
2589	500
2589	501
2589	502
2589	504
2589	506
2589	515
2589	518
2589	524
2589	525
2589	531
2589	545
2589	548
2589	550
2589	568
2589	572
2589	579
2589	580
2589	583
2589	584
2589	589
2589	590
2589	594
2589	596
2589	598
2589	599
2589	615
2589	619
2589	622
2589	623
2589	624
2589	625
2589	626
2589	634
2589	636
2589	639
2589	641
2589	642
2589	643
2589	644
2589	645
2589	646
2589	647
2589	657
2589	703
2589	711
2589	712
2589	732
2589	824
2589	834
2589	880
2589	881
2589	889
2589	909
2589	910
2589	947
2589	948
2589	1007
2589	1008
2589	1009
2589	1010
2589	1011
2589	1012
2589	1013
2589	1065
2589	1115
2589	1116
2589	1117
2589	1118
2589	1119
2589	1161
2589	1162
2589	1163
2589	1164
2589	1165
2589	1166
2589	1167
2589	1169
2589	1172
2589	1174
2589	1175
2589	1176
2589	1177
2589	1178
2589	1179
2589	1180
2589	1181
2589	1183
2589	1197
2589	1202
2589	1205
2589	1206
2589	1207
2589	1210
2589	1211
2589	1222
2589	1236
2589	1260
2589	1380
2589	1393
2589	1397
2589	1398
2589	1399
2589	1424
2589	1425
2589	1426
2589	1520
2589	1522
2589	1523
2589	1525
2589	1526
2589	1527
2589	1529
2589	1531
2589	1533
2589	1535
2589	1537
2589	1654
2589	1655
2589	1656
2589	1657
2589	1658
2589	1660
2589	1662
2589	1664
2589	1665
2589	1674
2589	1675
2589	1696
2589	1706
2589	1707
2589	1708
2589	1711
2589	1715
2589	1716
2589	1725
2589	1726
2589	1727
2589	1729
2589	1731
2589	1732
2589	1753
2589	1763
2589	1766
2589	1768
2589	1770
2589	1772
2589	1773
2589	1778
2589	1779
2589	1865
2589	1866
2589	1867
2589	1868
2589	1869
2589	1870
2589	1888
2589	1889
2589	1891
2589	1892
2589	1893
2589	1894
2589	1895
2589	1896
2589	1912
2589	1913
2589	1914
2589	1915
2589	1920
2589	1934
2589	1935
2589	1936
2589	1939
2589	1940
2589	1941
2589	1942
2589	1943
2589	1944
2589	1946
2589	1947
2589	1948
2589	1957
2589	1958
2589	1971
2589	1973
2589	1974
2589	1981
2589	1983
2589	1993
2589	2002
2589	2003
2589	2004
2589	2005
2589	2006
2589	2007
2589	2008
2589	2009
2589	2010
2589	2011
2589	2012
2589	2013
2589	2014
2589	2015
2589	2017
2589	2018
2589	2019
2589	2020
2589	2021
2589	2038
2589	2039
2589	2044
2589	2053
2589	2054
2589	2060
2589	2061
2589	2062
2589	2063
2589	2064
2589	2065
2589	2066
2589	2067
2589	2068
2589	2090
2589	2102
2589	2103
2589	2120
2589	2149
2589	2152
2589	2156
2589	2157
2589	2158
2589	2159
2589	2160
2589	2162
2589	2164
2589	2167
2589	2168
2589	2169
2589	2170
2589	2171
2589	2176
2589	2177
2589	2178
2589	2179
2589	2180
2589	2181
2589	2183
2589	2184
2589	2186
2589	2189
2589	2190
2589	2191
2589	2192
2589	2203
2589	2212
2589	2244
2589	2260
2589	2261
2589	2264
2589	2265
2589	2266
2589	2267
2589	2268
2589	2283
2592	3
2592	48
2592	98
2592	122
2592	125
2592	127
2592	202
2592	203
2592	205
2592	206
2592	210
2592	212
2592	213
2592	215
2592	217
2592	218
2592	232
2592	300
2592	314
2592	315
2592	334
2592	335
2592	397
2592	412
2592	423
2592	424
2592	426
2592	429
2592	430
2592	431
2592	432
2592	433
2592	434
2592	435
2592	436
2592	437
2592	440
2592	445
2592	446
2592	449
2592	450
2592	452
2592	453
2592	485
2592	486
2592	503
2592	506
2592	511
2592	518
2592	522
2592	531
2592	533
2592	544
2592	545
2592	548
2592	568
2592	570
2592	572
2592	579
2592	580
2592	584
2592	587
2592	588
2592	594
2592	595
2592	596
2592	598
2592	599
2592	604
2592	615
2592	619
2592	622
2592	623
2592	624
2592	625
2592	626
2592	634
2592	636
2592	639
2592	641
2592	642
2592	643
2592	644
2592	645
2592	646
2592	647
2592	657
2592	694
2592	697
2592	699
2592	701
2592	702
2592	703
2592	711
2592	712
2592	754
2592	771
2592	775
2592	785
2592	787
2592	814
2592	815
2592	819
2592	824
2592	873
2592	875
2592	889
2592	891
2592	892
2592	898
2592	909
2592	910
2592	921
2592	937
2592	938
2592	940
2592	941
2592	943
2592	947
2592	948
2592	977
2592	1007
2592	1008
2592	1009
2592	1010
2592	1011
2592	1012
2592	1013
2592	1014
2592	1034
2592	1035
2592	1036
2592	1037
2592	1038
2592	1051
2592	1052
2592	1053
2592	1054
2592	1057
2592	1094
2592	1096
2592	1097
2592	1110
2592	1157
2592	1158
2592	1159
2592	1160
2592	1165
2592	1167
2592	1169
2592	1178
2592	1179
2592	1180
2592	1181
2592	1183
2592	1200
2592	1205
2592	1206
2592	1207
2592	1210
2592	1222
2592	1251
2592	1270
2592	1364
2592	1393
2592	1398
2592	1399
2592	1487
2592	1663
2592	1666
2592	1696
2592	1706
2592	1707
2592	1708
2592	1711
2592	1715
2592	1716
2592	1717
2592	1720
2592	1725
2592	1726
2592	1727
2592	1729
2592	1731
2592	1732
2592	1754
2592	1755
2592	1763
2592	1888
2592	1889
2592	1908
2592	1909
2592	1913
2592	1914
2592	1915
2592	1920
2592	1939
2592	1940
2592	1942
2592	1943
2592	1944
2592	1947
2592	1948
2592	1957
2592	1958
2592	1973
2592	1974
2592	2044
2592	2053
2592	2054
2592	2090
2592	2091
2592	2102
2592	2103
2592	2108
2592	2120
2592	2158
2592	2159
2592	2160
2592	2168
2592	2169
2592	2170
2592	2171
2592	2181
2592	2183
2592	2184
2592	2186
2592	2192
2592	2240
2592	2241
2592	2242
2592	2244
2592	2248
2592	2249
2592	2252
2592	2253
2592	2255
2592	2260
2592	2261
2592	2264
2592	2265
2592	2266
2592	2267
2592	2268
2592	2269
2592	2270
2592	2271
2592	2272
2592	2283
2592	2304
2592	2305
2592	2318
2592	2319
2592	12918
2592	12976
2592	12977
2592	13019
2592	14225
2592	14267
2592	14271
2592	14275
2592	14278
2592	14281
2592	14425
2592	14426
2592	14427
2592	16245
2592	16246
2592	16247
2592	16248
2592	16249
2592	16250
2592	16302
2592	16305
2592	16308
2592	16314
2592	16315
2592	16317
2592	16318
2592	16320
2592	2332
2592	2335
2592	2336
2592	2337
2592	2338
2592	2339
2592	2344
2592	2345
2592	2346
2592	2358
2592	2359
2592	2360
2592	2372
2592	2373
2592	2374
2592	2375
2592	2376
2592	2377
2592	2387
2592	2403
2592	2404
2592	2411
2592	2412
2592	2413
2592	2414
2592	2421
2592	2427
2592	2428
2592	2431
2592	2440
2592	2448
2592	2449
2592	2450
2592	2451
2592	2477
2592	2478
2592	2503
2592	2529
2592	2552
2592	2553
2592	2554
2592	2555
2592	2556
2592	2557
2592	2562
2592	2564
2592	2566
2592	2572
2592	2575
2592	2577
2592	2581
2592	2582
2592	2586
2592	2587
2592	2589
2592	2590
2592	2600
2592	2618
2592	2619
2592	2628
2592	2673
2592	2714
2592	2721
2592	3258
2592	3260
2592	3261
2592	3263
2592	3278
2592	3279
2592	3280
2592	3283
2592	3286
2592	3374
2592	3375
2592	3376
2592	3377
2592	3378
2592	3385
2592	3386
2592	3392
2592	3393
2592	3394
2592	3395
2592	3396
2592	3414
2592	3434
2592	3435
2592	3436
2592	3445
2592	3452
2592	3454
2592	3455
2592	3456
2592	3457
2592	3458
2592	3459
2592	3467
2592	3471
2592	3586
2592	3640
2592	3655
2592	3660
2592	3662
2592	3664
2592	3667
2592	3669
2592	3670
2592	3671
2592	3672
2592	3673
2592	3696
2592	3713
2592	3715
2592	3725
2592	3727
2592	3728
2592	3730
2592	3732
2592	3733
2592	3734
2592	3735
2592	3736
2592	3743
2592	3745
2592	3746
2592	3748
2592	3749
2592	3750
2592	3752
2592	3754
2592	3755
2592	3757
2592	3758
2592	3759
2592	3762
2592	3763
2592	3765
2592	3767
2592	3770
2592	3771
2592	3772
2592	3773
2592	3774
2592	3797
2592	3799
2592	3801
2592	3802
2592	3803
2592	3804
2592	3806
2592	3807
2592	3808
2592	3819
2592	3823
2592	3833
2592	3840
2592	3849
2592	3850
2592	3853
2592	3855
2592	3859
2592	3862
2592	3863
2592	3872
2592	3873
2592	3875
2592	3877
2592	3879
2592	3887
2592	3893
2592	3898
2592	3899
2592	3900
2592	3921
2592	3922
2592	3923
2592	3924
2592	3925
2592	3926
2592	3932
2592	3940
2592	3941
2592	3942
2592	3947
2592	3984
2592	3985
2592	3986
2592	3987
2592	3988
2592	3989
2592	3991
2592	3992
2592	3993
2592	3998
2592	3999
2592	4001
2592	4002
2592	4003
2592	4004
2592	4022
2592	4023
2592	4024
2592	4025
2592	4026
2592	4027
2592	4040
2592	4050
2592	4051
2592	4052
2592	4053
2592	4054
2592	4056
2592	4057
2592	4061
2592	4062
2592	4064
2592	4065
2592	4070
2592	4073
2592	4074
2592	4093
2592	4094
2592	4095
2592	4096
2592	4097
2592	4099
2592	4100
2592	4101
2592	4104
2592	4107
2592	4109
2592	4111
2592	4112
2592	4113
2592	4114
2592	4116
2592	4133
2592	4202
2592	4273
2592	4275
2592	4278
2592	4280
2592	4281
2592	4282
2592	4283
2592	4284
2592	4285
2592	4286
2592	4287
2592	4288
2592	4291
2592	4293
2592	4296
2592	4297
2592	4299
2592	4306
2592	4308
2592	4409
2592	4416
2592	4417
2592	4418
2592	4420
2592	4421
2592	4424
2592	4427
2592	4428
2592	4435
2592	4436
2592	4437
2592	4438
2592	4440
2592	4442
2592	4462
2592	4463
2592	4464
2592	4479
2592	4481
2592	4490
2592	4515
2592	4516
2592	4517
2592	4518
2592	4519
2592	4520
2592	4522
2592	4523
2592	4525
2592	4530
2592	4531
2592	4532
2592	4540
2592	4619
2592	4623
2592	4632
2592	4633
2592	4634
2592	4635
2592	4636
2592	4637
2592	4638
2592	4639
2592	4640
2592	4641
2592	4642
2592	4643
2592	4644
2592	4645
2592	4646
2592	4647
2592	4648
2592	4649
2592	4651
2592	4652
2592	4653
2592	4663
2592	4664
2592	4665
2592	4666
2592	4667
2592	4670
2592	4671
2592	4672
2592	4673
2592	4674
2592	4675
2592	4787
2592	4788
2592	4789
2592	4798
2592	4799
2592	4807
2592	4809
2592	4810
2592	4811
2592	4812
2592	4813
2592	4814
2592	4823
2592	4832
2592	4842
2592	4969
2592	5048
2592	5055
2592	5085
2592	5086
2592	5600
2592	5643
2592	5682
2592	5683
2592	5755
2592	5761
2592	5797
2592	5798
2592	5799
2592	5800
2592	5828
2592	5830
2592	5835
2592	5836
2592	5838
2592	5847
2592	5848
2592	5849
2592	5851
2592	5859
2592	5863
2592	5864
2592	5915
2592	5916
2592	5930
2592	5931
2592	5932
2592	5933
2592	6035
2592	6068
2592	6072
2592	6115
2592	6132
2592	6168
2592	6206
2592	6207
2592	6208
2592	6209
2592	6210
2592	6211
2592	6212
2592	6213
2592	6221
2592	6222
2592	6223
2592	6224
2592	6225
2592	6226
2592	6227
2592	6228
2592	6233
2592	6234
2592	6235
2592	6238
2592	6329
2592	6391
2592	6392
2592	6407
2592	6426
2592	6427
2592	6523
2592	6547
2592	6570
2592	6575
2592	6606
2592	6668
2592	16321
2592	16329
2592	16333
2592	16342
2592	16343
2592	16344
2592	16345
2592	16346
2592	16358
2592	16469
2592	17300
2592	17323
2592	17324
2592	17340
2592	17341
2592	17342
2592	17359
2592	17494
2592	17606
2592	17607
2592	17608
2592	17609
2592	17610
2592	17664
2592	17678
2592	17714
2592	20424
2592	10037
2592	10373
2592	10617
2592	10639
2592	10640
2592	10647
2592	10720
2592	10758
2592	10759
2592	10760
2592	10761
2592	10896
2592	11656
2592	11680
2592	11681
2592	11682
2592	11683
2592	11684
2592	11697
2592	11714
2592	11858
2592	11914
2592	11915
2592	11917
2592	11918
2592	12579
2592	12657
2592	12676
2592	12856
2592	12860
2592	12896
2592	12897
2592	12902
2592	7053
2592	7068
2592	7069
2592	7070
2592	7071
2592	7072
2592	7073
2592	7074
2592	7075
2592	7170
2592	7327
2592	7332
2592	7335
2592	7360
2592	7361
2592	7404
2592	7603
2592	7849
2592	7872
2592	7873
2592	7874
2592	8518
2592	9336
2592	9456
2592	9524
2592	22060
2592	22062
2594	5848
2606	1184
2606	1185
2606	1195
2606	14266
2607	14267
2607	1178
2607	1179
2607	1180
2607	1181
2607	1183
2611	1009
2611	1010
2611	1011
2611	1012
2611	1013
2611	1014
2611	14425
2629	1160
2633	937
2633	940
2633	941
2633	942
2636	1165
2636	1167
2636	1393
2671	1134
2671	1135
2671	1137
2671	1271
2671	1388
2676	1397
2702	1418
2713	1225
2725	4457
2725	4458
2725	4459
2725	4460
2725	4461
2725	4505
2725	4506
2725	4723
2725	14487
2725	14488
2725	14492
2725	2530
2725	2534
2725	2535
2725	2536
2725	2537
2725	2541
2725	2545
2725	2546
2725	2547
2725	2548
2725	2549
2725	2550
2725	2551
2725	2624
2725	4260
2725	587
2725	588
2725	595
2725	597
2725	660
2725	667
2725	669
2725	670
2725	671
2725	672
2725	674
2725	675
2725	676
2725	677
2725	678
2725	679
2725	680
2725	694
2725	696
2725	697
2725	699
2725	701
2725	702
2725	709
2725	710
2725	723
2725	775
2725	780
2725	781
2725	782
2725	783
2725	784
2725	813
2725	814
2725	815
2725	818
2725	871
2725	873
2725	875
2725	877
2725	879
2725	921
2725	937
2725	938
2725	939
2725	940
2725	941
2725	942
2725	943
2725	978
2725	979
2725	1907
2728	587
2728	588
2728	595
2728	597
2728	660
2728	667
2728	669
2728	670
2728	671
2728	672
2728	674
2728	675
2728	676
2728	677
2728	678
2728	679
2728	680
2728	694
2728	696
2728	697
2728	699
2728	701
2728	702
2728	709
2728	710
2728	775
2728	780
2728	781
2728	782
2728	783
2728	784
2728	813
2728	814
2728	815
2728	818
2728	871
2728	873
2728	875
2728	877
2728	879
2728	921
2728	937
2728	938
2728	939
2728	940
2728	941
2728	942
2728	943
2728	978
2728	979
2728	1907
2728	14487
2728	14492
2728	4457
2728	4458
2728	4459
2728	4460
2728	4461
2728	4505
2728	4506
2728	4723
2728	2530
2728	2534
2728	2535
2728	2536
2728	2537
2728	2541
2728	2545
2728	2546
2728	2547
2728	2548
2728	2549
2728	2550
2728	2551
2728	2624
2728	4260
2730	2530
2730	2534
2730	2535
2730	2536
2730	2537
2730	2541
2730	2545
2730	2546
2730	2547
2730	2548
2730	2549
2730	2550
2730	2551
2730	2624
2730	4260
2730	14487
2730	14488
2730	14492
2730	587
2730	588
2730	595
2730	597
2730	660
2730	667
2730	669
2730	670
2730	671
2730	672
2730	674
2730	675
2730	676
2730	677
2730	678
2730	679
2730	680
2730	694
2730	696
2730	697
2730	699
2730	701
2730	702
2730	709
2730	710
2730	775
2730	780
2730	781
2730	782
2730	783
2730	784
2730	813
2730	814
2730	815
2730	818
2730	871
2730	873
2730	875
2730	877
2730	879
2730	921
2730	937
2730	938
2730	939
2730	940
2730	941
2730	942
2730	943
2730	978
2730	979
2730	1907
2730	4457
2730	4458
2730	4459
2730	4460
2730	4461
2730	4505
2730	4506
2730	4723
2732	4457
2732	4458
2732	4459
2732	4460
2732	4461
2732	4505
2732	4506
2732	4723
2732	14487
2732	14492
2732	2530
2732	2534
2732	2535
2732	2536
2732	2537
2732	2541
2732	2545
2732	2546
2732	2547
2732	2548
2732	2549
2732	2550
2732	2551
2732	2624
2732	4260
2732	587
2732	588
2732	595
2732	597
2732	660
2732	667
2732	669
2732	670
2732	671
2732	672
2732	674
2732	675
2732	676
2732	677
2732	678
2732	679
2732	680
2732	694
2732	696
2732	697
2732	699
2732	701
2732	702
2732	709
2732	710
2732	723
2732	775
2732	780
2732	781
2732	782
2732	783
2732	784
2732	813
2732	814
2732	815
2732	818
2732	871
2732	873
2732	875
2732	877
2732	879
2732	921
2732	937
2732	938
2732	939
2732	940
2732	941
2732	942
2732	943
2732	978
2732	979
2732	1907
2734	587
2734	588
2734	595
2734	597
2734	660
2734	667
2734	669
2734	670
2734	671
2734	672
2734	674
2734	675
2734	676
2734	677
2734	678
2734	679
2734	680
2734	694
2734	696
2734	697
2734	699
2734	701
2734	702
2734	709
2734	710
2734	775
2734	780
2734	781
2734	782
2734	783
2734	784
2734	813
2734	814
2734	815
2734	818
2734	871
2734	873
2734	875
2734	877
2734	879
2734	921
2734	937
2734	938
2734	939
2734	940
2734	941
2734	942
2734	943
2734	978
2734	979
2734	1907
2734	14487
2734	4457
2734	4458
2734	4459
2734	4460
2734	4461
2734	4505
2734	4506
2734	4723
2734	2530
2734	2534
2734	2535
2734	2536
2734	2537
2734	2541
2734	2545
2734	2546
2734	2547
2734	2548
2734	2549
2734	2550
2734	2551
2734	2624
2734	4260
2735	2530
2735	2534
2735	2535
2735	2536
2735	2537
2735	2541
2735	2545
2735	2546
2735	2547
2735	2548
2735	2549
2735	2550
2735	2551
2735	2624
2735	4260
2735	14487
2735	14488
2735	14492
2735	587
2735	588
2735	595
2735	597
2735	660
2735	667
2735	669
2735	670
2735	671
2735	672
2735	674
2735	675
2735	676
2735	677
2735	678
2735	679
2735	680
2735	694
2735	696
2735	697
2735	699
2735	701
2735	702
2735	709
2735	710
2735	775
2735	780
2735	781
2735	782
2735	783
2735	784
2735	813
2735	814
2735	815
2735	818
2735	871
2735	873
2735	875
2735	877
2735	879
2735	921
2735	937
2735	938
2735	939
2735	940
2735	941
2735	942
2735	943
2735	978
2735	979
2735	1907
2735	4457
2735	4458
2735	4459
2735	4460
2735	4461
2735	4505
2735	4506
2735	4723
2738	4457
2738	4458
2738	4459
2738	4460
2738	4461
2738	4505
2738	4506
2738	4723
2738	14487
2738	14488
2738	14492
2738	2530
2738	2534
2738	2535
2738	2536
2738	2537
2738	2541
2738	2545
2738	2546
2738	2547
2738	2548
2738	2549
2738	2550
2738	2551
2738	2624
2738	4260
2738	587
2738	588
2738	595
2738	597
2738	660
2738	667
2738	669
2738	670
2738	671
2738	672
2738	674
2738	675
2738	676
2738	677
2738	678
2738	679
2738	680
2738	694
2738	696
2738	697
2738	699
2738	701
2738	702
2738	709
2738	710
2738	775
2738	780
2738	781
2738	782
2738	783
2738	784
2738	813
2738	814
2738	815
2738	818
2738	871
2738	873
2738	875
2738	877
2738	879
2738	921
2738	937
2738	938
2738	939
2738	940
2738	941
2738	942
2738	943
2738	978
2738	979
2738	1907
2740	587
2740	588
2740	595
2740	597
2740	660
2740	667
2740	669
2740	670
2740	671
2740	672
2740	674
2740	675
2740	676
2740	677
2740	678
2740	679
2740	680
2740	694
2740	696
2740	697
2740	699
2740	701
2740	702
2740	709
2740	710
2740	775
2740	780
2740	781
2740	782
2740	783
2740	784
2740	813
2740	814
2740	815
2740	818
2740	871
2740	873
2740	875
2740	877
2740	879
2740	921
2740	937
2740	938
2740	939
2740	940
2740	941
2740	942
2740	943
2740	978
2740	979
2740	1907
2740	14488
2740	14492
2740	4457
2740	4458
2740	4459
2740	4460
2740	4461
2740	4505
2740	4506
2740	4723
2740	2530
2740	2534
2740	2535
2740	2536
2740	2537
2740	2541
2740	2545
2740	2546
2740	2547
2740	2548
2740	2549
2740	2550
2740	2551
2740	2624
2740	4260
2742	2530
2742	2534
2742	2535
2742	2536
2742	2537
2742	2541
2742	2545
2742	2546
2742	2547
2742	2548
2742	2549
2742	2550
2742	2551
2742	2624
2742	4260
2742	14487
2742	14488
2742	14492
2742	587
2742	588
2742	595
2742	597
2742	660
2742	667
2742	669
2742	670
2742	671
2742	672
2742	674
2742	675
2742	676
2742	677
2742	678
2742	679
2742	680
2742	694
2742	696
2742	697
2742	699
2742	701
2742	702
2742	709
2742	710
2742	775
2742	780
2742	781
2742	782
2742	783
2742	784
2742	813
2742	814
2742	815
2742	818
2742	871
2742	873
2742	875
2742	877
2742	879
2742	921
2742	937
2742	938
2742	939
2742	940
2742	941
2742	942
2742	943
2742	978
2742	979
2742	1907
2742	4457
2742	4458
2742	4459
2742	4460
2742	4461
2742	4505
2742	4506
2742	4723
2744	4457
2744	4458
2744	4459
2744	4460
2744	4461
2744	4505
2744	4506
2744	4723
2744	14488
2744	2530
2744	2534
2744	2535
2744	2536
2744	2537
2744	2541
2744	2545
2744	2546
2744	2547
2744	2548
2744	2549
2744	2550
2744	2551
2744	2624
2744	4260
2744	587
2744	588
2744	595
2744	597
2744	660
2744	667
2744	669
2744	670
2744	671
2744	672
2744	674
2744	675
2744	676
2744	677
2744	678
2744	679
2744	680
2744	694
2744	696
2744	697
2744	699
2744	701
2744	702
2744	709
2744	710
2744	723
2744	775
2744	780
2744	781
2744	782
2744	783
2744	784
2744	813
2744	814
2744	815
2744	818
2744	871
2744	873
2744	875
2744	877
2744	879
2744	921
2744	937
2744	938
2744	939
2744	940
2744	941
2744	942
2744	943
2744	978
2744	979
2744	1907
2745	587
2745	588
2745	595
2745	597
2745	660
2745	667
2745	669
2745	670
2745	671
2745	672
2745	674
2745	675
2745	676
2745	677
2745	678
2745	679
2745	680
2745	694
2745	696
2745	697
2745	699
2745	701
2745	702
2745	709
2745	710
2745	775
2745	780
2745	781
2745	782
2745	783
2745	784
2745	813
2745	814
2745	815
2745	818
2745	871
2745	873
2745	875
2745	877
2745	879
2745	921
2745	937
2745	938
2745	939
2745	940
2745	941
2745	942
2745	943
2745	978
2745	979
2745	1907
2745	14487
2745	14488
2745	14492
2745	4457
2745	4458
2745	4459
2745	4460
2745	4461
2745	4505
2745	4506
2745	4723
2745	2530
2745	2534
2745	2535
2745	2536
2745	2537
2745	2541
2745	2545
2745	2546
2745	2547
2745	2548
2745	2549
2745	2550
2745	2551
2745	2624
2745	4260
2748	2530
2748	2534
2748	2535
2748	2536
2748	2537
2748	2541
2748	2545
2748	2546
2748	2547
2748	2548
2748	2549
2748	2550
2748	2551
2748	2624
2748	4260
2748	14487
2748	14488
2748	587
2748	588
2748	595
2748	597
2748	660
2748	667
2748	669
2748	670
2748	671
2748	672
2748	674
2748	675
2748	676
2748	677
2748	678
2748	679
2748	680
2748	694
2748	696
2748	697
2748	699
2748	701
2748	702
2748	709
2748	710
2748	775
2748	780
2748	781
2748	782
2748	783
2748	784
2748	813
2748	814
2748	815
2748	818
2748	871
2748	873
2748	875
2748	877
2748	879
2748	921
2748	937
2748	938
2748	939
2748	940
2748	941
2748	942
2748	943
2748	978
2748	979
2748	1907
2748	4457
2748	4458
2748	4459
2748	4460
2748	4461
2748	4505
2748	4506
2748	4723
2749	4457
2749	4458
2749	4459
2749	4460
2749	4461
2749	4505
2749	4506
2749	4723
2749	14487
2749	14492
2749	2530
2749	2534
2749	2535
2749	2536
2749	2537
2749	2541
2749	2545
2749	2546
2749	2547
2749	2548
2749	2549
2749	2550
2749	2551
2749	2624
2749	4260
2749	587
2749	588
2749	595
2749	597
2749	660
2749	667
2749	669
2749	670
2749	671
2749	672
2749	674
2749	675
2749	676
2749	677
2749	678
2749	679
2749	680
2749	694
2749	696
2749	697
2749	699
2749	701
2749	702
2749	709
2749	710
2749	775
2749	780
2749	781
2749	782
2749	783
2749	784
2749	813
2749	814
2749	815
2749	818
2749	871
2749	873
2749	875
2749	877
2749	879
2749	921
2749	937
2749	938
2749	939
2749	940
2749	941
2749	942
2749	943
2749	978
2749	979
2749	1907
2750	587
2750	588
2750	595
2750	597
2750	660
2750	667
2750	669
2750	670
2750	671
2750	672
2750	674
2750	675
2750	676
2750	677
2750	678
2750	679
2750	680
2750	694
2750	696
2750	697
2750	699
2750	701
2750	702
2750	709
2750	710
2750	775
2750	780
2750	781
2750	782
2750	783
2750	784
2750	813
2750	814
2750	815
2750	818
2750	871
2750	873
2750	875
2750	877
2750	879
2750	921
2750	937
2750	938
2750	939
2750	940
2750	941
2750	942
2750	943
2750	978
2750	979
2750	1907
2750	14487
2750	14488
2750	14492
2750	4457
2750	4458
2750	4459
2750	4460
2750	4461
2750	4505
2750	4506
2750	4723
2750	2530
2750	2534
2750	2535
2750	2536
2750	2537
2750	2541
2750	2545
2750	2546
2750	2547
2750	2548
2750	2549
2750	2550
2750	2551
2750	2624
2750	4260
2751	2530
2751	2534
2751	2535
2751	2536
2751	2537
2751	2541
2751	2545
2751	2546
2751	2547
2751	2548
2751	2549
2751	2550
2751	2551
2751	2624
2751	4260
2751	14487
2751	14488
2751	587
2751	588
2751	595
2751	597
2751	660
2751	667
2751	669
2751	670
2751	671
2751	672
2751	674
2751	675
2751	676
2751	677
2751	678
2751	679
2751	680
2751	694
2751	696
2751	697
2751	699
2751	701
2751	702
2751	709
2751	710
2751	723
2751	775
2751	780
2751	781
2751	782
2751	783
2751	784
2751	813
2751	814
2751	815
2751	818
2751	871
2751	873
2751	875
2751	877
2751	879
2751	921
2751	937
2751	938
2751	939
2751	940
2751	941
2751	942
2751	943
2751	978
2751	979
2751	1907
2751	4457
2751	4458
2751	4459
2751	4460
2751	4461
2751	4505
2751	4506
2751	4723
2794	3
2794	48
2794	202
2794	203
2794	205
2794	206
2794	210
2794	212
2794	215
2794	218
2794	300
2794	315
2794	511
2794	522
2794	531
2794	533
2794	534
2794	570
2794	604
2794	785
2794	787
2794	889
2794	891
2794	892
2794	898
2794	909
2794	910
2794	920
2794	948
2794	1110
2794	1200
2794	1251
2794	1270
2794	1487
2794	6170
2797	1514
2798	580
2799	1108
2799	1114
2799	1511
2799	1557
2799	1558
2799	1559
2799	2521
2799	14491
2799	5260
2799	5262
2799	6513
2799	6514
2799	6516
2799	6585
2799	9622
2828	1655
2829	1654
2830	1656
2831	1657
2834	1674
2834	1675
2834	1941
2843	2416
2843	2252
2843	2253
2843	2254
2843	2255
2843	2256
2843	2287
2855	1525
2855	1526
2856	426
2856	430
2856	446
2856	580
2856	14271
2858	1547
2858	1548
2858	1549
2859	1543
2859	1544
2859	1545
2859	1767
2859	1768
2859	1908
2859	1909
2859	1957
2859	1958
2872	1555
2874	639
2875	1535
2875	1537
2875	1660
2875	1662
2875	1664
2875	1665
2876	1553
2876	1554
2885	1667
2886	1125
2886	1126
2886	1127
2886	1689
2909	1663
2909	1706
2909	1707
2909	1708
2909	1711
2909	1715
2909	1716
2909	1720
2924	1693
2924	2089
2924	2476
2924	2635
2924	3110
2924	3231
2924	5053
2925	5053
2925	2476
2925	2635
2925	3110
2925	3231
2925	1693
2925	2089
2926	1716
2939	1693
2939	2476
3014	4064
3014	4065
3014	4462
3014	4463
3014	4464
3014	435
3014	436
3014	437
3014	440
3014	485
3014	615
3082	1658
3083	1211
3083	8503
3084	8503
3084	1211
3110	1172
3110	1173
3110	1174
3110	1174
3110	1175
3110	1175
3110	1176
3110	1176
3110	1177
3110	1177
3110	1202
3156	1779
3157	1782
3162	1520
3162	1523
3163	1522
3164	1765
3164	1766
3164	1923
3164	12431
3172	157
3172	345
3172	454
3172	547
3172	1190
3172	1191
3172	1192
3172	7333
3172	7334
3172	4422
3172	4511
3172	4512
3172	4514
3173	6788
3173	822
3173	1130
3173	1186
3173	1188
3173	1189
3173	1225
3173	1778
3173	1797
3173	1961
3173	2163
3173	2164
3173	2165
3173	2354
3173	2356
3173	3809
3173	3810
3173	3811
3173	17347
3173	17348
3173	17661
3173	12432
3174	11921
3174	12433
3174	217
3174	442
3174	471
3174	505
3174	539
3174	569
3174	574
3174	616
3174	930
3174	949
3174	1111
3174	1112
3174	1184
3174	1185
3174	1195
3174	1780
3174	1781
3174	14266
3174	3819
3174	3820
3174	3821
3174	4005
3174	4006
3174	4007
3174	4040
3174	4263
3174	4264
3183	1961
3218	1891
3218	1892
3218	1893
3218	1894
3218	1895
3218	1896
3218	3528
3218	3529
3218	3530
3218	3531
3218	3532
3218	3533
3236	1939
3236	1940
3236	1942
3236	1943
3236	1944
3253	1778
3253	1797
3253	12432
3254	12433
3254	1780
3254	1781
3256	1953
3256	1954
3257	1955
3257	1956
3258	1767
3258	1768
3258	1908
3258	1909
3258	1957
3258	1958
3264	1512
3264	1513
3265	1508
3265	1509
3266	1506
3266	1507
3266	1667
3297	1988
3297	1989
3300	2958
3300	2959
3300	2960
3300	3056
3300	4316
3300	118
3300	525
3300	833
3300	834
3300	1131
3300	1132
3300	1133
3300	1138
3300	1547
3300	1548
3300	1549
3300	1765
3300	1766
3300	1922
3300	10356
3300	12431
3317	1939
3317	1940
3317	1942
3317	1943
3317	1944
3337	1034
3337	1035
3337	1036
3337	1037
3337	1038
3337	1057
3337	2091
3339	2091
3340	4040
3348	2089
3349	1031
3349	1032
3349	1033
3354	1912
3354	1914
3354	1915
3356	4438
3356	4518
3356	4540
3356	4541
3356	4686
3356	4689
3356	4690
3356	4805
3356	4807
3356	4810
3356	4811
3356	5048
3356	5053
3356	5055
3356	5226
3356	5360
3356	5755
3356	5761
3356	5780
3356	5916
3356	5935
3356	6035
3356	6168
3356	6206
3356	6218
3356	6219
3356	6224
3356	6227
3356	6329
3356	6426
3356	6427
3356	6560
3356	7011
3356	7012
3356	7022
3356	731
3356	1706
3356	1707
3356	1708
3356	1711
3356	1715
3356	1716
3356	13021
3356	13136
3356	13718
3356	14279
3356	14424
3356	14433
3356	15043
3356	15168
3356	15211
3356	15325
3356	15327
3356	16135
3356	16143
3356	7078
3356	7328
3356	7334
3356	7337
3356	7346
3356	7347
3356	7360
3356	7849
3356	8384
3356	8504
3356	8896
3356	9097
3356	9269
3356	9477
3356	10319
3356	10371
3356	10381
3356	10400
3356	10405
3356	10406
3356	10408
3356	10417
3356	10481
3356	10488
3356	10489
3356	10641
3356	11075
3356	11356
3356	11365
3356	11444
3356	11452
3356	11461
3356	11519
3356	11658
3356	11665
3356	11784
3356	11793
3356	12076
3356	12100
3356	12101
3356	12206
3356	12219
3356	12836
3356	12900
3356	12902
3356	2529
3356	2726
3356	2754
3356	2755
3356	2757
3356	2759
3356	2817
3356	2931
3356	3636
3356	3637
3356	3640
3356	3773
3356	3780
3356	3783
3356	3799
3356	3834
3356	3840
3356	3859
3356	3863
3356	3866
3356	3873
3356	3875
3356	3877
3356	3919
3356	3931
3356	4028
3356	4029
3356	4030
3356	4113
3356	4286
3356	4287
3356	4289
3356	4290
3356	4291
3356	4292
3356	4293
3356	4294
3356	4295
3356	4296
3356	4298
3356	4299
3356	4300
3356	4301
3356	4306
3356	4308
3357	2604
3357	3637
3357	3640
3357	3834
3357	3840
3357	3919
3357	3931
3357	3984
3357	4029
3357	4030
3357	4286
3357	4287
3357	4288
3357	4289
3357	4290
3357	4291
3357	4292
3357	4293
3357	4294
3357	4295
3357	4296
3357	4297
3357	4298
3357	4299
3357	4300
3357	4301
3357	4304
3357	4306
3357	4308
3357	764
3357	765
3357	1812
3357	1813
3357	4437
3357	4438
3357	4459
3357	4460
3357	4490
3357	4518
3357	4525
3357	4532
3357	4540
3357	4541
3357	5053
3357	5056
3357	5354
3357	5361
3357	5432
3357	5481
3357	5485
3357	5490
3357	5723
3357	5881
3357	6218
3357	6219
3357	6224
3357	6226
3357	6239
3357	6329
3357	6426
3357	6427
3357	6498
3357	6501
3357	6517
3357	7011
3357	7012
3357	9817
3357	10317
3357	10398
3357	10406
3357	10419
3357	10485
3357	10489
3357	11370
3357	11373
3357	11441
3357	11450
3357	11458
3357	11459
3357	11461
3357	11462
3357	11464
3357	11465
3357	11473
3357	11665
3357	11937
3357	12051
3357	12100
3357	12206
3357	12219
3357	12220
3357	12223
3357	12224
3357	12460
3357	12461
3357	12836
3357	12900
3357	13021
3357	13022
3357	13141
3357	13142
3357	13196
3357	13197
3357	13285
3357	14231
3357	14303
3357	14433
3357	14448
3357	14775
3357	14821
3357	15311
3357	15327
3357	15335
3357	15343
3357	16135
3357	7078
3357	7101
3357	7108
3357	7138
3357	7139
3357	7149
3357	7329
3357	7337
3357	7346
3357	7348
3357	7352
3357	7607
3357	8311
3357	8336
3357	8384
3357	8504
3357	8905
3357	8911
3357	9026
3357	9200
3357	9201
3357	9261
3357	9477
3357	9601
3397	1417
3404	4692
3404	4693
3404	4694
3404	4695
3404	5428
3404	5429
3404	5430
3404	5982
3404	5983
3404	12676
3404	2578
3404	2579
3404	2580
3404	2829
3404	2830
3404	2831
3404	2931
3404	7376
3404	8207
3404	8299
3404	1809
3409	2033
3409	2034
3409	2042
3409	2043
3409	14430
3411	1995
3411	1996
3411	1997
3412	1998
3412	1999
3412	2000
3412	2001
3466	9676
3476	14280
3476	2351
3476	2354
3476	2356
3477	2348
3477	2349
3477	2350
3477	14279
3496	2384
3496	2385
3496	2406
3496	2407
3505	2242
3505	2243
3505	2245
3505	2246
3505	2247
3505	2319
3505	14221
3509	14277
3509	2368
3509	2369
3509	2370
3509	2371
3510	2374
3510	2375
3510	2376
3510	2377
3510	14276
3514	522
3515	2120
3550	2420
3551	2421
3552	2422
3553	2257
3554	2257
3601	2240
3601	2241
3613	2332
3614	518
3615	813
3616	818
3617	397
3618	1259
3619	1159
3621	1971
3622	1983
3623	1947
3625	2091
3626	2306
3627	1388
3628	1663
3629	315
3630	1696
3631	345
3632	703
3633	334
3634	1972
3635	1753
3636	391
3637	639
3638	1353
3639	1364
3640	1666
3658	2252
3658	2253
3658	2254
3658	2255
3658	2256
3658	2287
3658	2416
3668	2434
3672	2320
3684	2417
3688	2414
3689	2411
3690	2412
3691	2413
3692	2335
3692	2360
3692	2387
3692	2403
3692	2404
3692	2427
3692	2428
3692	2448
3692	2449
3692	2450
3692	2451
3692	2503
3692	232
3692	2244
3692	2260
3692	2261
3692	2264
3692	2265
3692	2266
3692	2267
3692	2268
3692	2269
3692	2270
3692	2305
3692	7068
3692	7069
3692	7071
3692	7072
3692	7074
3692	7075
3693	2344
3693	2345
3693	2346
3693	14275
3703	2440
3704	2431
3708	2248
3708	2249
3708	2250
3708	2251
3712	2408
3712	2505
3712	4142
3712	4143
3712	4144
3712	4396
3712	4397
3712	4398
3712	4399
3712	4400
3712	13599
3712	13896
3712	14123
3712	14223
3712	4824
3712	4825
3712	4887
3712	5431
3712	5432
3712	6352
3712	6369
3712	7977
3712	8213
3714	2358
3714	2415
3714	2628
3714	2271
3714	2272
3715	2359
3716	2374
3716	2375
3716	2376
3716	2377
3716	14276
3720	2452
3720	2248
3720	2249
3720	2250
3720	2251
3720	4504
3820	12940
3820	13021
3820	13022
3820	13141
3820	13142
3820	13196
3820	13197
3820	13285
3820	13742
3820	14303
3820	14448
3820	14748
3820	15335
3820	1812
3820	1813
3820	2173
3820	9817
3820	10398
3820	10419
3820	11078
3820	11352
3820	11361
3820	11450
3820	11458
3820	11459
3820	11461
3820	11462
3820	11464
3820	11465
3820	11665
3820	11804
3820	11830
3820	12207
3820	12219
3820	12220
3820	12221
3820	12223
3820	12224
3820	12739
3820	3721
3820	3722
3820	7101
3820	7104
3820	7138
3820	7139
3820	7149
3820	7346
3820	8384
3820	9476
3820	9477
3820	4687
3820	4805
3820	4807
3820	4811
3820	4812
3820	4815
3820	4818
3820	4821
3820	4822
3820	4823
3820	4824
3820	4827
3820	4977
3820	5185
3820	5256
3820	5354
3820	5359
3820	5360
3820	5466
3820	5481
3820	5485
3820	5490
3820	5881
3820	6033
3820	6250
3820	6517
3820	6560
3827	7071
3827	7340
3827	7360
3827	7441
3827	7665
3827	7666
3827	7767
3827	8282
3827	8504
3827	9447
3827	9449
3827	9450
3827	9451
3827	9452
3827	14621
3827	15747
3827	15748
3827	15750
3827	15751
3827	15753
3827	15754
3827	15815
3827	15816
3827	15817
3827	4686
3827	4687
3827	5044
3827	5045
3827	5046
3827	5623
3827	5760
3827	6129
3827	6238
3827	6426
3827	6427
3827	6575
3827	19989
3827	28941
3827	28942
3827	28945
3827	28946
3827	10680
3827	11876
3827	12836
3827	775
3827	815
3827	1836
3827	1839
3827	23051
3827	23701
3827	23786
3827	28557
3827	28559
3827	28576
3827	28577
3827	28819
3827	28822
3827	2434
3827	2598
3827	2721
3827	2745
3827	3984
3827	3985
3827	4293
3827	4358
3827	4360
3827	4386
3827	4402
3838	684
3838	1713
3839	772
3857	5850
3857	5852
3857	5855
3857	6206
3857	6207
3857	6211
3857	6220
3857	6224
3857	6329
3857	6391
3857	6407
3857	6520
3857	6521
3857	8281
3857	8909
3857	8910
3857	8911
3857	9016
3857	9026
3857	9376
3857	2745
3857	2760
3857	4022
3857	4023
3857	4024
3857	4025
3857	4026
3857	4027
3857	4028
3857	4029
3857	4030
3857	4034
3857	4035
3857	4036
3857	4037
3857	4038
3857	4041
3857	4042
3857	4044
3857	9816
3857	9878
3857	9879
3857	9938
3857	10119
3857	11658
3857	11659
3857	11666
3857	11667
3857	11668
3857	14460
3857	14461
3862	1557
3863	687
3864	314
3864	412
3864	522
3864	731
3864	12976
3864	13718
3864	13740
3864	13741
3864	13742
3864	14638
3864	4413
3864	4490
3864	4504
3864	4660
3864	4686
3864	4687
3864	4689
3864	4690
3864	5044
3864	5046
3864	5402
3864	5623
3864	5760
3864	5934
3864	5981
3864	6069
3864	6070
3864	6146
3864	6238
3864	6239
3864	6426
3864	6427
3864	28941
3864	28942
3864	23786
3864	28559
3864	10986
3864	11783
3864	11803
3864	11804
3864	11937
3864	12207
3864	12397
3864	12498
3864	12836
3864	7070
3864	7071
3864	7073
3864	7075
3864	7091
3864	7272
3864	7276
3864	7286
3864	7340
3864	7349
3864	7351
3864	7441
3864	7604
3864	7605
3864	7606
3864	7608
3864	7789
3864	7796
3864	7901
3864	7902
3864	8138
3864	8337
3864	8504
3864	8716
3864	9448
3864	9449
3864	9476
3864	2417
3864	2433
3864	2434
3864	2447
3864	2598
3864	2602
3864	2624
3864	2721
3864	2726
3864	2745
3864	2754
3864	2755
3864	2763
3864	2919
3864	3984
3864	3985
3864	4293
3864	4339
3864	4342
3864	4355
3864	4358
3864	4360
3864	4377
3864	4386
3864	4391
3864	4396
3864	4398
3864	4402
3864	4405
3864	4411
3876	728
3877	730
3879	729
3880	731
3897	1561
3897	1562
3897	1563
3897	1564
3897	1565
3897	1653
3897	2546
3897	2548
3897	2549
3897	2550
3897	2551
3897	4505
3897	4506
3901	587
3901	588
3901	595
3901	597
3901	660
3901	671
3901	694
3901	697
3901	699
3901	701
3901	702
3904	1061
3905	1062
3909	1059
3910	1561
3910	1562
3910	1563
3910	1564
3910	1565
3910	1653
3910	4505
3910	4506
3910	2545
3910	2546
3910	2547
3910	2548
3910	2549
3910	2550
3910	2551
3911	1551
3915	587
3915	588
3915	595
3915	597
3915	660
3915	671
3915	694
3915	697
3915	699
3915	701
3915	702
3916	667
3916	669
3916	670
3916	672
3916	696
3916	780
3916	781
3916	782
3916	783
3916	784
3916	1059
3917	674
3917	675
3917	676
3917	677
3917	4723
3917	14492
3918	688
3918	689
3918	690
3918	1550
3918	1551
3919	1557
3923	691
3924	2535
3925	2536
3926	2537
3930	678
3930	679
3930	680
3930	709
3930	710
3930	723
3932	1492
3935	1494
3985	1493
4016	1488
4016	1489
4016	1490
4016	1491
4016	6388
4016	2534
4016	2536
4016	2537
4027	2545
4029	1907
4034	2624
4053	1150
4103	1559
4104	1152
4105	2635
4106	1096
4234	4863
4265	6908
4304	2347
4304	2452
4304	2850
4304	4324
4304	11373
4306	9817
4306	9818
4306	9819
4306	10037
4306	10038
4306	10080
4306	10081
4306	10082
4306	10083
4306	10317
4306	10381
4306	10382
4306	10390
4306	10398
4306	10399
4306	10400
4306	10405
4306	10406
4306	10407
4306	10408
4306	10412
4306	10413
4306	10414
4306	10463
4306	10464
4306	10602
4306	10608
4306	10617
4306	10639
4306	10640
4306	10647
4306	10681
4306	10696
4306	10720
4306	10758
4306	10759
4306	10760
4306	10761
4306	10896
4306	10943
4306	11142
4306	11290
4306	11448
4306	11454
4306	11458
4306	11473
4306	11476
4306	11477
4306	11559
4306	11561
4306	11656
4306	11680
4306	11681
4306	11682
4306	11683
4306	11684
4306	11685
4306	11686
4306	11687
4306	11688
4306	11697
4306	11790
4306	11791
4306	11792
4306	11793
4306	11858
4306	12046
4306	12216
4306	12217
4306	12250
4306	12579
4306	12676
4306	12856
4306	12860
4306	12865
4306	12896
4306	12897
4306	3
4306	48
4306	202
4306	203
4306	206
4306	210
4306	212
4306	215
4306	218
4306	232
4306	300
4306	314
4306	315
4306	334
4306	397
4306	412
4306	429
4306	431
4306	432
4306	433
4306	434
4306	435
4306	436
4306	437
4306	445
4306	486
4306	503
4306	511
4306	518
4306	522
4306	531
4306	533
4306	568
4306	570
4306	579
4306	584
4306	587
4306	588
4306	595
4306	597
4306	604
4306	615
4306	660
4306	667
4306	669
4306	670
4306	671
4306	672
4306	674
4306	675
4306	676
4306	677
4306	678
4306	679
4306	680
4306	694
4306	696
4306	697
4306	699
4306	701
4306	702
4306	703
4306	709
4306	710
4306	711
4306	723
4306	750
4306	751
4306	754
4306	755
4306	757
4306	759
4306	760
4306	761
4306	762
4306	763
4306	771
4306	775
4306	780
4306	781
4306	782
4306	783
4306	784
4306	785
4306	787
4306	813
4306	814
4306	815
4306	818
4306	861
4306	862
4306	871
4306	887
4306	889
4306	891
4306	892
4306	898
4306	909
4306	910
4306	921
4306	937
4306	938
4306	939
4306	940
4306	941
4306	942
4306	943
4306	947
4306	948
4306	978
4306	979
4306	1007
4306	1008
4306	1009
4306	1010
4306	1011
4306	1012
4306	1013
4306	1014
4306	1034
4306	1035
4306	1036
4306	1037
4306	1038
4306	1051
4306	1052
4306	1053
4306	1054
4306	1057
4306	1059
4306	1060
4306	1061
4306	1062
4306	1094
4306	1095
4306	1096
4306	1097
4306	1106
4306	1110
4306	1142
4306	1144
4306	1157
4306	1158
4306	1159
4306	1160
4306	1200
4306	1251
4306	1270
4306	1364
4306	1487
4306	1488
4306	1489
4306	1490
4306	1492
4306	1494
4306	1561
4306	1562
4306	1563
4306	1564
4306	1565
4306	1653
4306	1663
4306	1666
4306	1696
4306	1706
4306	1707
4306	1708
4306	1711
4306	1715
4306	1716
4306	1717
4306	1720
4306	1754
4306	1755
4306	1784
4306	1787
4306	1789
4306	1794
4306	1795
4306	1804
4306	1834
4306	1836
4306	1837
4306	1907
4306	1947
4306	2044
4306	2090
4306	2091
4306	2102
4306	2103
4306	2108
4306	2240
4306	2241
4306	2242
4306	2243
4306	2244
4306	2245
4306	2246
4306	2247
4306	2248
4306	2249
4306	2252
4306	2253
4306	2254
4306	2255
4306	2256
4306	2257
4306	2260
4306	2261
4306	2264
4306	2265
4306	2266
4306	2267
4306	2268
4306	2269
4306	2270
4306	2271
4306	2272
4306	2287
4306	2304
4306	2305
4306	2306
4306	2318
4306	2319
4306	2320
4306	7026
4306	7027
4306	7028
4306	7030
4306	7033
4306	7040
4306	7041
4306	7042
4306	7053
4306	7055
4306	7057
4306	7068
4306	7069
4306	7070
4306	7071
4306	7072
4306	7073
4306	7074
4306	7075
4306	7076
4306	7077
4306	7078
4306	7091
4306	7175
4306	7228
4306	7246
4306	7247
4306	7269
4306	7272
4306	7276
4306	7286
4306	7290
4306	7291
4306	7309
4306	7320
4306	7321
4306	7327
4306	7328
4306	7329
4306	7332
4306	7335
4306	7337
4306	7340
4306	7341
4306	7342
4306	7344
4306	7345
4306	7346
4306	7347
4306	7348
4306	7352
4306	7353
4306	7354
4306	7356
4306	7357
4306	7358
4306	7360
4306	7361
4306	7396
4306	7397
4306	7404
4306	7438
4306	7439
4306	7440
4306	7441
4306	7442
4306	7523
4306	7524
4306	7603
4306	7604
4306	7605
4306	7606
4306	7608
4306	7665
4306	7725
4306	7726
4306	7727
4306	7789
4306	7796
4306	7805
4306	7847
4306	7849
4306	7855
4306	7856
4306	7857
4306	7858
4306	7872
4306	7873
4306	7874
4306	7883
4306	7885
4306	7886
4306	7895
4306	7899
4306	7901
4306	7902
4306	8179
4306	8199
4306	8200
4306	8218
4306	8219
4306	8337
4306	8504
4306	8518
4306	8529
4306	8539
4306	8542
4306	8544
4306	8546
4306	8548
4306	8550
4306	8551
4306	8553
4306	8555
4306	8558
4306	8560
4306	8562
4306	8567
4306	8637
4306	9045
4306	9096
4306	9097
4306	9098
4306	9176
4306	9197
4306	9201
4306	9216
4306	9240
4306	9241
4306	9259
4306	9261
4306	9263
4306	9264
4306	9266
4306	9268
4306	9269
4306	9416
4306	9447
4306	9452
4306	9520
4306	9583
4306	9693
4306	9716
4306	17115
4306	17235
4306	17300
4306	17359
4306	20424
4306	12902
4306	12918
4306	12976
4306	12977
4306	13019
4306	13718
4306	13740
4306	13741
4306	13742
4306	14221
4306	14224
4306	14225
4306	14226
4306	14267
4306	14275
4306	14278
4306	14281
4306	14303
4306	14370
4306	14425
4306	14426
4306	14427
4306	14488
4306	14492
4306	15685
4306	16245
4306	2335
4306	2337
4306	2344
4306	2345
4306	2346
4306	2358
4306	2360
4306	2372
4306	2373
4306	2375
4306	2376
4306	2377
4306	2387
4306	2403
4306	2404
4306	2411
4306	2412
4306	2413
4306	2414
4306	2415
4306	2416
4306	2417
4306	2420
4306	2421
4306	2422
4306	2423
4306	2427
4306	2428
4306	2431
4306	2433
4306	2434
4306	2440
4306	2448
4306	2449
4306	2450
4306	2451
4306	2453
4306	2503
4306	2530
4306	2534
4306	2535
4306	2536
4306	2537
4306	2545
4306	2546
4306	2547
4306	2548
4306	2549
4306	2550
4306	2552
4306	2553
4306	2554
4306	2555
4306	2556
4306	2557
4306	2558
4306	2562
4306	2564
4306	2566
4306	2567
4306	2569
4306	2570
4306	2571
4306	2572
4306	2573
4306	2574
4306	2575
4306	2577
4306	2581
4306	2582
4306	2583
4306	2584
4306	2585
4306	2586
4306	2587
4306	2588
4306	2589
4306	2590
4306	2591
4306	2597
4306	2598
4306	2599
4306	2600
4306	2601
4306	2602
4306	2603
4306	2604
4306	2605
4306	2606
4306	2607
4306	2609
4306	2612
4306	2618
4306	2619
4306	2624
4306	2628
4306	2636
4306	2639
4306	2640
4306	2643
4306	2645
4306	2646
4306	2649
4306	2650
4306	2651
4306	2652
4306	2653
4306	2654
4306	2655
4306	2691
4306	2692
4306	2693
4306	2701
4306	2714
4306	2715
4306	2716
4306	2717
4306	2718
4306	2719
4306	2720
4306	2721
4306	2723
4306	2727
4306	2733
4306	2738
4306	2739
4306	2740
4306	2742
4306	2743
4306	2744
4306	2745
4306	2748
4306	2764
4306	2765
4306	2773
4306	2780
4306	2781
4306	2782
4306	2783
4306	2793
4306	2892
4306	2893
4306	2894
4306	2906
4306	2907
4306	2932
4306	2944
4306	2945
4306	3374
4306	3375
4306	3376
4306	3377
4306	3378
4306	3392
4306	3414
4306	3434
4306	3435
4306	3436
4306	3457
4306	3458
4306	3459
4306	3660
4306	3664
4306	3696
4306	3715
4306	3725
4306	3727
4306	3728
4306	3730
4306	3732
4306	3733
4306	3734
4306	3735
4306	3736
4306	3743
4306	3745
4306	3746
4306	3748
4306	3749
4306	3750
4306	3752
4306	3754
4306	3755
4306	3757
4306	3758
4306	3759
4306	3762
4306	3763
4306	3765
4306	3767
4306	3770
4306	3771
4306	3772
4306	3773
4306	3797
4306	3799
4306	3801
4306	3802
4306	3803
4306	3804
4306	3806
4306	3807
4306	3808
4306	3819
4306	3823
4306	3833
4306	3849
4306	3850
4306	3873
4306	3875
4306	3877
4306	3879
4306	3893
4306	3898
4306	3899
4306	3900
4306	3921
4306	3922
4306	3923
4306	3924
4306	3925
4306	3926
4306	3932
4306	3940
4306	3941
4306	3942
4306	3974
4306	3975
4306	3976
4306	3977
4306	3983
4306	3984
4306	3985
4306	3986
4306	3987
4306	3993
4306	3998
4306	3999
4306	4002
4306	4004
4306	4022
4306	4023
4306	4024
4306	4025
4306	4026
4306	4027
4306	4050
4306	4051
4306	4052
4306	4053
4306	4054
4306	4056
4306	4057
4306	4061
4306	4062
4306	4063
4306	4064
4306	4065
4306	4073
4306	4074
4306	4093
4306	4094
4306	4095
4306	4096
4306	4097
4306	4098
4306	4099
4306	4100
4306	4101
4306	4104
4306	4107
4306	4111
4306	4112
4306	4113
4306	4114
4306	4116
4306	4130
4306	4131
4306	4202
4306	4260
4306	4273
4306	4280
4306	4281
4306	4282
4306	4283
4306	4284
4306	4285
4306	4286
4306	4287
4306	4288
4306	4289
4306	4290
4306	4291
4306	4292
4306	4293
4306	4294
4306	4295
4306	4296
4306	4297
4306	4298
4306	4299
4306	4300
4306	4301
4306	4302
4306	4303
4306	4306
4306	4308
4306	4409
4306	4420
4306	4421
4306	4424
4306	4427
4306	4428
4306	4435
4306	4436
4306	4437
4306	4438
4306	4440
4306	4442
4306	4462
4306	4463
4306	4464
4306	4466
4306	4467
4306	4472
4306	4474
4306	4479
4306	4480
4306	4481
4306	4490
4306	4494
4306	4505
4306	4506
4306	4515
4306	4516
4306	4517
4306	4518
4306	4519
4306	4520
4306	4522
4306	4523
4306	4525
4306	4530
4306	4531
4306	4532
4306	4539
4306	4540
4306	4542
4306	4543
4306	4619
4306	4623
4306	4632
4306	4633
4306	4634
4306	4635
4306	4636
4306	4637
4306	4638
4306	4639
4306	4640
4306	4641
4306	4642
4306	4643
4306	4644
4306	4645
4306	4646
4306	4647
4306	4648
4306	4649
4306	4651
4306	4652
4306	4653
4306	4654
4306	4655
4306	4656
4306	4657
4306	4658
4306	4659
4306	4663
4306	4664
4306	4665
4306	4666
4306	4667
4306	4668
4306	4670
4306	4671
4306	4672
4306	4673
4306	4674
4306	4675
4306	4677
4306	4679
4306	4680
4306	4682
4306	4684
4306	4686
4306	4687
4306	4705
4306	4723
4306	4788
4306	4789
4306	4798
4306	4799
4306	4809
4306	4810
4306	4811
4306	4812
4306	4813
4306	4814
4306	4832
4306	4834
4306	4842
4306	4844
4306	4845
4306	4846
4306	4847
4306	4848
4306	4849
4306	4850
4306	4851
4306	4852
4306	4853
4306	4854
4306	4855
4306	4856
4306	4969
4306	5044
4306	5045
4306	5046
4306	5057
4306	5085
4306	5086
4306	5184
4306	5229
4306	5232
4306	5234
4306	5236
4306	5237
4306	5238
4306	5239
4306	5240
4306	5249
4306	5251
4306	5253
4306	5254
4306	5255
4306	5258
4306	5402
4306	5471
4306	5472
4306	5474
4306	5477
4306	5600
4306	5601
4306	5602
4306	5615
4306	5616
4306	5617
4306	5618
4306	5622
4306	5623
4306	5643
4306	5645
4306	5646
4306	5647
4306	5648
4306	5649
4306	5650
4306	5683
4306	5760
4306	5771
4306	5797
4306	5798
4306	5799
4306	5800
4306	5828
4306	5839
4306	5840
4306	5843
4306	5844
4306	5846
4306	5847
4306	5848
4306	5849
4306	5851
4306	5854
4306	5859
4306	5861
4306	5862
4306	5864
4306	5915
4306	5916
4306	5930
4306	5931
4306	5932
4306	5933
4306	5975
4306	5976
4306	6035
4306	6068
4306	6069
4306	6070
4306	6072
4306	6115
4306	6117
4306	6129
4306	6132
4306	6138
4306	6168
4306	6185
4306	6189
4306	6190
4306	6195
4306	6196
4306	6202
4306	6206
4306	6207
4306	6208
4306	6209
4306	6210
4306	6211
4306	6212
4306	6213
4306	6221
4306	6222
4306	6223
4306	6224
4306	6225
4306	6226
4306	6227
4306	6228
4306	6233
4306	6234
4306	6235
4306	6238
4306	6329
4306	6371
4306	6391
4306	6392
4306	6407
4306	6426
4306	6427
4306	6487
4306	6488
4306	6489
4306	6490
4306	6523
4306	6547
4306	6575
4306	6668
4306	6733
4306	6910
4306	7011
4306	7012
4306	7025
4306	23554
4306	23555
4306	23589
4306	23590
4306	23591
4306	23592
4306	23593
4306	23594
4306	23595
4306	23620
4306	23637
4306	23714
4306	23786
4306	24477
4306	28557
4306	28819
4306	28822
4338	2358
4338	2411
4338	2412
4338	2413
4338	2414
4338	2415
4338	2416
4338	2417
4338	2420
4338	2421
4338	2422
4338	2423
4338	2431
4338	2433
4338	2434
4338	2440
4338	2453
4338	2521
4338	2522
4338	2530
4338	2534
4338	2535
4338	2536
4338	2537
4338	2545
4338	2546
4338	2547
4338	2548
4338	2549
4338	2550
4338	2552
4338	2553
4338	2554
4338	2555
4338	2556
4338	2557
4338	2558
4338	2562
4338	2564
4338	2566
4338	2567
4338	2569
4338	2570
4338	2571
4338	2572
4338	2573
4338	2574
4338	2575
4338	2577
4338	2581
4338	2582
4338	2583
4338	2584
4338	2585
4338	2586
4338	2587
4338	2588
4338	2589
4338	2590
4338	2591
4338	2597
4338	2598
4338	2599
4338	2600
4338	2601
4338	2602
4338	2603
4338	2604
4338	2605
4338	2606
4338	2607
4338	2609
4338	2612
4338	2618
4338	2619
4338	2624
4338	2628
4338	2636
4338	2639
4338	2640
4338	2641
4338	2642
4338	2643
4338	2644
4338	2645
4338	2646
4338	2647
4338	2648
4338	2649
4338	2650
4338	2651
4338	2652
4338	2653
4338	2654
4338	2655
4338	2656
4338	2691
4338	2692
4338	2693
4338	2694
4338	2701
4338	2714
4338	2715
4338	2716
4338	2717
4338	2718
4338	2719
4338	2720
4338	2721
4338	2723
4338	2733
4338	2738
4338	2739
4338	2740
4338	2742
4338	2743
4338	2744
4338	2748
4338	2764
4338	2765
4338	2773
4338	2780
4338	2781
4338	2782
4338	2783
4338	2793
4338	2892
4338	2893
4338	2894
4338	2906
4338	2907
4338	2932
4338	2944
4338	2945
4338	3094
4338	3715
4338	3984
4338	3985
4338	4062
4338	4063
4338	4096
4338	4260
4338	4280
4338	4281
4338	4282
4338	4283
4338	4284
4338	4285
4338	4286
4338	4287
4338	4288
4338	4289
4338	4290
4338	4291
4338	4292
4338	4293
4338	4294
4338	4295
4338	4296
4338	4297
4338	4298
4338	4299
4338	4300
4338	4301
4338	4302
4338	4303
4338	4306
4338	4308
4338	9817
4338	9819
4338	9862
4338	9916
4338	10037
4338	10038
4338	10080
4338	10081
4338	10082
4338	10083
4338	10317
4338	10382
4338	10390
4338	10398
4338	10399
4338	10400
4338	10405
4338	10406
4338	10408
4338	10412
4338	10413
4338	10463
4338	10696
4338	10802
4338	10827
4338	10982
4338	11290
4338	11291
4338	11440
4338	11442
4338	11443
4338	11444
4338	11448
4338	11451
4338	11454
4338	11473
4338	11476
4338	11477
4338	11483
4338	11559
4338	11561
4338	11685
4338	11686
4338	11687
4338	11688
4338	11790
4338	11791
4338	11792
4338	11793
4338	11794
4338	12046
4338	12216
4338	12217
4338	12225
4338	12236
4338	12865
4338	17115
4338	17235
4338	17300
4338	23554
4338	23555
4338	23589
4338	23590
4338	23591
4338	23592
4338	23593
4338	23594
4338	23595
4338	23620
4338	23637
4338	23714
4338	23786
4338	24477
4338	28557
4338	28559
4338	28819
4338	28822
4338	28941
4338	28942
4338	28945
4338	28946
4338	232
4338	587
4338	588
4338	595
4338	597
4338	660
4338	667
4338	669
4338	670
4338	671
4338	672
4338	674
4338	675
4338	676
4338	677
4338	678
4338	679
4338	680
4338	694
4338	696
4338	697
4338	699
4338	701
4338	702
4338	709
4338	710
4338	723
4338	750
4338	754
4338	755
4338	757
4338	759
4338	760
4338	761
4338	762
4338	763
4338	775
4338	780
4338	781
4338	782
4338	783
4338	784
4338	813
4338	814
4338	815
4338	818
4338	861
4338	862
4338	863
4338	864
4338	865
4338	868
4338	887
4338	921
4338	937
4338	938
4338	939
4338	940
4338	941
4338	942
4338	943
4338	978
4338	979
4338	1059
4338	1060
4338	1061
4338	1062
4338	1094
4338	1095
4338	1096
4338	1097
4338	1106
4338	1142
4338	1144
4338	1488
4338	1489
4338	1490
4338	1492
4338	1493
4338	1494
4338	1561
4338	1562
4338	1563
4338	1564
4338	1565
4338	1653
4338	1787
4338	1794
4338	1795
4338	1833
4338	1834
4338	1835
4338	1836
4338	1842
4338	1884
4338	1907
4338	2240
4338	2241
4338	2242
4338	2243
4338	2245
4338	2246
4338	2247
4338	2252
4338	2253
4338	2254
4338	2255
4338	2256
4338	2257
4338	2271
4338	2272
4338	2287
4338	2306
4338	2318
4338	2319
4338	2320
4338	12976
4338	12977
4338	13019
4338	13601
4338	13718
4338	13738
4338	13739
4338	13740
4338	13741
4338	13742
4338	14221
4338	14224
4338	14225
4338	14226
4338	14351
4338	14370
4338	14488
4338	14492
4338	14523
4338	14603
4338	14638
4338	14639
4338	15685
4338	15692
4338	7026
4338	7027
4338	7030
4338	7033
4338	7034
4338	7035
4338	7040
4338	7041
4338	7042
4338	7043
4338	7055
4338	7057
4338	7076
4338	7077
4338	7078
4338	7091
4338	7105
4338	7106
4338	7107
4338	7108
4338	7109
4338	7110
4338	7111
4338	7112
4338	7113
4338	7114
4338	7115
4338	7118
4338	7120
4338	7153
4338	7154
4338	7155
4338	7175
4338	7228
4338	7246
4338	7247
4338	7267
4338	7269
4338	7271
4338	7272
4338	7274
4338	7275
4338	7276
4338	7286
4338	7290
4338	7291
4338	7309
4338	7320
4338	7321
4338	7327
4338	7328
4338	7329
4338	7332
4338	7334
4338	7335
4338	7337
4338	7340
4338	7341
4338	7342
4338	7344
4338	7345
4338	7346
4338	7347
4338	7348
4338	7352
4338	7353
4338	7354
4338	7356
4338	7357
4338	7358
4338	7396
4338	7397
4338	7438
4338	7439
4338	7440
4338	7441
4338	7442
4338	7447
4338	7523
4338	7604
4338	7605
4338	7606
4338	7608
4338	7669
4338	7671
4338	7725
4338	7726
4338	7727
4338	7789
4338	7795
4338	7796
4338	7797
4338	7805
4338	7809
4338	7847
4338	7855
4338	7856
4338	7857
4338	7858
4338	7864
4338	7872
4338	7873
4338	7874
4338	7883
4338	7885
4338	7886
4338	7895
4338	7899
4338	7901
4338	7902
4338	7995
4338	7996
4338	8075
4338	8095
4338	8127
4338	8179
4338	8199
4338	8200
4338	8201
4338	8202
4338	8203
4338	8214
4338	8216
4338	8217
4338	8218
4338	8219
4338	8282
4338	8283
4338	8296
4338	8318
4338	8337
4338	8391
4338	8419
4338	8442
4338	8447
4338	8504
4338	8525
4338	8528
4338	8529
4338	8531
4338	8532
4338	8538
4338	8539
4338	8540
4338	8541
4338	8542
4338	8543
4338	8544
4338	8546
4338	8548
4338	8550
4338	8551
4338	8555
4338	8558
4338	8560
4338	8566
4338	8567
4338	8580
4338	8636
4338	8637
4338	8917
4338	9096
4338	9098
4338	9197
4338	9201
4338	9241
4338	9261
4338	9262
4338	9263
4338	9264
4338	9268
4338	9269
4338	9416
4338	9447
4338	9452
4338	9583
4338	4465
4338	4466
4338	4467
4338	4472
4338	4479
4338	4480
4338	4481
4338	4493
4338	4494
4338	4505
4338	4506
4338	4540
4338	4632
4338	4633
4338	4634
4338	4635
4338	4636
4338	4637
4338	4638
4338	4639
4338	4640
4338	4641
4338	4642
4338	4643
4338	4644
4338	4645
4338	4646
4338	4647
4338	4648
4338	4649
4338	4651
4338	4652
4338	4653
4338	4654
4338	4655
4338	4656
4338	4657
4338	4658
4338	4659
4338	4663
4338	4664
4338	4665
4338	4666
4338	4667
4338	4668
4338	4670
4338	4671
4338	4672
4338	4673
4338	4674
4338	4675
4338	4677
4338	4679
4338	4680
4338	4682
4338	4684
4338	4686
4338	4687
4338	4705
4338	4723
4338	4834
4338	4844
4338	4845
4338	4846
4338	4847
4338	4848
4338	4849
4338	4850
4338	4851
4338	4852
4338	4853
4338	4854
4338	4855
4338	4856
4338	5044
4338	5045
4338	5046
4338	5057
4338	5086
4338	5184
4338	5229
4338	5232
4338	5234
4338	5236
4338	5237
4338	5238
4338	5239
4338	5240
4338	5241
4338	5243
4338	5249
4338	5251
4338	5253
4338	5254
4338	5255
4338	5256
4338	5258
4338	5259
4338	5261
4338	5263
4338	5267
4338	5269
4338	5270
4338	5271
4338	5273
4338	5359
4338	5360
4338	5361
4338	5362
4338	5363
4338	5364
4338	5366
4338	5399
4338	5400
4338	5401
4338	5402
4338	5466
4338	5467
4338	5471
4338	5472
4338	5473
4338	5474
4338	5475
4338	5477
4338	5600
4338	5601
4338	5602
4338	5615
4338	5616
4338	5617
4338	5618
4338	5622
4338	5623
4338	5643
4338	5645
4338	5646
4338	5647
4338	5648
4338	5649
4338	5650
4338	5710
4338	5711
4338	5712
4338	5713
4338	5714
4338	5715
4338	5716
4338	5717
4338	5760
4338	5771
4338	5839
4338	5840
4338	5843
4338	5844
4338	5846
4338	5854
4338	5860
4338	5861
4338	5862
4338	5933
4338	5974
4338	5975
4338	5976
4338	5977
4338	5978
4338	5979
4338	5996
4338	5997
4338	5998
4338	5999
4338	6000
4338	6001
4338	6002
4338	6003
4338	6004
4338	6005
4338	6006
4338	6068
4338	6069
4338	6070
4338	6072
4338	6116
4338	6117
4338	6118
4338	6125
4338	6126
4338	6127
4338	6129
4338	6184
4338	6185
4338	6186
4338	6187
4338	6188
4338	6190
4338	6196
4338	6202
4338	6238
4338	6426
4338	6427
4338	6575
4338	6651
4338	6733
4338	6910
4338	7011
4338	7012
4338	7022
4363	458
4363	589
4363	590
4363	622
4363	641
4363	2044
4363	4416
4363	4417
4363	4418
4363	5836
4363	6206
4363	6207
4363	6211
4363	6215
4363	6222
4363	6225
4363	6226
4363	6227
4363	6230
4363	6231
4363	6232
4363	6233
4363	6234
4363	6250
4363	6329
4363	2673
4363	3283
4363	3286
4363	3374
4363	3375
4363	3376
4363	3377
4363	3378
4363	3392
4363	3471
4363	3947
4363	3992
4363	3993
4363	4070
4363	4073
4363	4074
4363	7603
4363	7849
4363	9336
4363	9676
4363	11684
4371	3374
4371	3375
4371	3377
4371	3993
4371	4073
4371	4074
4371	11684
4371	6206
4371	6207
4371	6222
4371	6225
4371	6226
4371	6227
4371	6230
4371	6231
4371	6232
4371	6233
4371	6234
4371	6329
4371	7603
4371	9676
4375	2447
4375	2595
4375	4855
4375	615
4375	1834
4389	9676
4389	4260
4389	677
4435	2572
4435	2573
4435	2574
4440	24477
4440	2588
4440	2590
4440	2591
4450	2583
4450	2584
4450	2585
4458	2612
4466	2607
4469	2611
4473	2755
4479	2572
4479	2573
4479	2574
4479	2760
4480	2572
4480	2573
4480	2574
4480	2762
4481	2572
4481	2573
4481	2574
4481	2761
4482	2714
4495	2586
4495	2587
4495	2589
4503	2552
4503	2553
4503	2554
4503	2555
4503	2556
4503	2557
4503	2558
4503	2605
4506	2588
4506	2590
4506	2591
4506	24477
4510	2783
4512	2559
4512	2560
4513	2561
4515	2783
4516	2599
4517	2597
4518	2791
4519	2791
4520	2791
4522	2555
4525	2793
4527	2570
4551	2773
4582	2727
4582	2728
4582	2729
4582	4304
4582	4660
4582	4662
4582	4678
4582	4681
4582	4685
4582	4688
4582	4689
4582	4690
4582	14228
4587	4351
4587	4352
4587	4355
4587	4356
4587	4357
4587	14232
4587	9683
4587	9684
4587	23873
4587	687
4587	730
4587	854
4587	6498
4587	6499
4587	6500
4587	6505
4587	6506
4587	6507
4587	6508
4587	6581
4587	6584
4589	2347
4589	2473
4589	2474
4589	2651
4589	2657
4589	2658
4589	2659
4589	5300
4589	6375
4595	14322
4611	2744
4611	871
4611	873
4611	875
4611	877
4611	879
4612	2725
4612	2726
4615	2757
4616	2739
4616	2740
4616	2742
4616	2743
4621	2745
4625	5481
4625	5485
4625	5490
4625	5881
4625	6517
4625	7101
4625	7139
4625	8384
4625	1812
4625	1851
4625	11462
4625	12219
4625	12220
4625	12223
4625	12224
4625	13022
4625	13141
4625	13142
4626	2735
4627	92
4628	2736
4630	2701
4630	2715
4630	2716
4630	2717
4630	2718
4630	2719
4630	2720
4630	2906
4630	2907
4635	2932
4640	2944
4641	2937
4644	1060
4645	2759
4646	2417
4739	2955
4740	2955
4742	2961
4751	2962
4751	2963
4752	2964
4753	2965
4758	2958
4758	2959
4758	2960
4759	2956
4759	2957
4759	3068
4759	3244
4759	3245
4759	3246
4769	2969
4769	2970
4769	2971
4770	2952
4770	2953
4801	2959
4802	3035
4803	2960
4804	2958
4804	2959
4804	2960
4805	3035
4806	2956
4806	2957
4806	3068
4806	3244
4806	3245
4806	3246
4807	2969
4807	2970
4807	2971
4819	3051
4841	3058
4843	2725
4843	2726
4844	2725
4845	2725
4847	2919
4848	2954
4848	2966
4849	2954
4849	2966
4859	3183
4862	3124
4862	3281
4866	3205
4869	3203
4870	3119
4870	3120
4870	3128
4870	3129
4870	3192
4870	5808
4870	5809
4871	3195
4871	3196
4871	3197
4871	3198
4871	3199
4886	3127
4886	3226
4886	5823
4887	6020
4887	3103
4887	3104
4887	3105
4887	3141
4888	3106
4888	3107
4888	3108
4888	3228
4891	3110
4891	3231
4892	3121
4893	3241
4893	3243
4893	3415
4893	3416
4893	3425
4893	5828
4893	5865
4894	3244
4894	3245
4894	3246
4895	3238
4895	3239
4895	3240
4895	3473
4896	3234
4896	3235
4896	3236
4896	3237
4896	3474
4896	5827
4897	3249
4898	3238
4903	3204
4905	3281
5006	3392
5017	3376
5017	3377
5017	3378
5017	6668
5018	6668
5018	3376
5018	3377
5018	3378
5019	3376
5019	3377
5019	3378
5019	6668
5022	3394
5023	3395
5025	3396
5026	3267
5026	3268
5026	3269
5026	3271
5026	3458
5030	3272
5030	3273
5030	3274
5030	3275
5030	3394
5030	3395
5030	3396
5030	3397
5030	5837
5030	5838
5030	5841
5030	9456
5030	9523
5030	9524
5040	2557
5050	3445
5051	3444
5055	3256
5055	3257
5055	5842
5058	3250
5058	3251
5058	3252
5058	3503
5062	3254
5062	3255
5062	3256
5062	3257
5062	5842
5063	3438
5064	3276
5064	3277
5064	3278
5064	3279
5064	3280
5064	3452
5065	3278
5067	3452
5072	3435
5073	3434
5074	3436
5075	3258
5075	3260
5075	3261
5075	3263
5075	3266
5075	3280
5075	3286
5075	3458
5075	3459
5075	3461
5078	3385
5078	3386
5078	3393
5078	3454
5078	3455
5084	3467
5085	3258
5085	3260
5085	3261
5085	3263
5086	3242
5086	3426
5086	3466
5086	5831
5087	3244
5087	3245
5087	3246
5089	3471
5092	3458
5093	3456
5093	3457
5094	3459
5096	3425
5097	3283
5097	3286
5097	9336
5098	3461
5099	3474
5100	3475
5101	3257
5102	3473
5103	3472
5104	3476
5117	1809
5117	7097
5117	7098
5117	7099
5117	7376
5117	7455
5117	7456
5117	7808
5117	8075
5117	8207
5117	8210
5117	8299
5117	2927
5117	2928
5117	2929
5117	2931
5117	4100
5117	4101
5117	4104
5117	4490
5117	5300
5117	5304
5117	5305
5117	5306
5117	5347
5117	5362
5117	5363
5117	5364
5117	5366
5117	5428
5117	5429
5117	5430
5117	5930
5117	5982
5117	5983
5117	6375
5117	6377
5117	6378
5117	6379
5117	6380
5117	6648
5117	10986
5117	11675
5117	11678
5117	12579
5117	14283
5117	14343
5134	5865
5134	2069
5134	2070
5134	2071
5134	2175
5134	2237
5134	3241
5134	3243
5134	3415
5134	3416
5134	3425
5134	3475
5134	3619
5138	3253
5143	3238
5143	3239
5143	3240
5164	3247
5164	3249
5164	3424
5166	1986
5168	2022
5168	2025
5168	2027
5168	2029
5168	2030
5168	2166
5170	2027
5170	2029
5170	2030
5179	3535
5203	3566
5204	2015
5204	2017
5204	2018
5204	2019
5204	2020
5204	2021
5204	14431
5221	2038
5233	1020
5233	1021
5233	1022
5233	1023
5233	2091
5334	3655
5336	2189
5336	2190
5338	2212
5348	2336
5352	2338
5352	2339
5360	2176
5360	2177
5360	2178
5366	3725
5366	3727
5366	3728
5366	3730
5366	3879
5382	3667
5383	3660
5385	2231
5385	2232
5385	2233
5385	2234
5385	2235
5385	2236
5386	2071
5386	2237
5388	3696
5412	2185
5412	2187
5413	2069
5413	2070
5413	2071
5413	2175
5413	2237
5414	2165
5414	6788
5442	4275
5442	10000
5445	3943
5461	4619
5463	3737
5463	3739
5463	3740
5463	3742
5465	4263
5465	30
5465	43
5465	471
5465	1184
5465	1185
5465	1195
5465	1555
5465	1780
5465	1781
5465	1998
5465	1999
5465	2000
5465	2001
5465	7319
5465	10359
5465	12433
5465	14266
5469	2322
5469	2323
5469	3244
5469	3245
5469	3246
5469	2172
5469	2321
5481	3752
5481	3754
5481	3755
5481	3757
5481	3758
5481	3759
5481	3762
5481	3763
5481	3765
5481	3767
5481	3770
5481	3771
5481	3898
5481	3899
5481	3900
5481	4619
5481	10647
5490	3711
5490	3712
5490	3713
5490	3715
5490	3717
5490	3944
5508	3931
5533	3664
5537	3986
5538	3984
5544	3987
5582	4020
5583	4016
5583	4017
5583	4066
5584	4067
5585	4018
5585	4019
5620	2244
5635	205
5635	206
5635	213
5635	335
5635	441
5635	521
5635	533
5635	565
5635	628
5635	833
5635	834
5635	898
5635	920
5635	923
5635	1015
5635	1016
5635	1017
5635	1018
5635	1019
5635	1020
5635	1021
5635	1022
5635	1023
5635	1042
5635	1043
5635	1044
5635	1069
5635	1140
5635	1186
5635	1188
5635	1189
5635	1225
5635	1258
5635	1353
5635	1765
5635	1766
5635	1769
5635	1770
5635	1778
5635	1779
5635	1782
5635	1797
5635	1923
5635	1924
5635	1961
5635	1972
5635	2069
5635	2070
5635	2071
5635	2091
5635	2106
5635	2163
5635	2164
5635	2165
5635	2237
5635	2351
5635	2354
5635	2356
5635	2384
5635	2385
5635	2529
5635	3056
5635	3241
5635	3243
5635	3254
5635	3255
5635	3256
5635	3257
5635	3276
5635	3277
5635	3278
5635	3279
5635	3280
5635	3415
5635	3416
5635	3425
5635	3452
5635	3475
5635	3619
5635	3632
5635	3633
5635	3634
5635	3636
5635	3637
5635	3774
5635	3789
5635	3791
5635	3792
5635	3809
5635	3810
5635	3811
5635	3815
5635	3823
5635	3824
5635	3825
5635	3851
5635	3853
5635	3854
5635	3855
5635	3857
5635	3859
5635	3861
5635	3862
5635	3863
5635	3866
5635	3868
5635	3886
5635	3914
5635	3927
5635	4011
5635	4012
5635	4013
5635	4014
5635	4015
5635	4016
5635	4017
5635	4022
5635	4023
5635	4024
5635	4025
5635	4026
5635	4027
5635	4041
5635	4042
5635	4044
5635	4066
5635	4067
5635	4100
5635	4101
5635	4104
5635	4107
5635	4109
5635	4110
5635	4124
5635	4126
5635	4127
5635	4128
5635	4129
5635	4147
5635	4248
5635	4249
5635	4250
5635	4274
5635	4279
5635	4316
5635	16347
5635	16348
5635	16349
5635	17347
5635	17348
5635	17588
5635	17589
5635	17592
5635	14272
5635	14280
5635	10644
5635	10992
5635	12037
5635	12431
5635	12432
5635	12579
5635	12677
5635	12678
5635	4425
5635	4490
5635	4538
5635	4539
5635	4548
5635	5828
5635	5829
5635	5830
5635	5842
5635	5865
5635	5912
5635	5930
5635	6071
5635	6170
5635	6215
5635	6788
5659	4036
5659	4037
5659	4038
5664	4028
5664	4029
5664	4030
5669	832
5675	4041
5675	4042
5675	4044
5675	4147
5686	4273
5734	3988
5736	4202
5792	4421
5793	4421
5794	5937
5794	4139
5794	4140
5795	4142
5795	4143
5795	4144
5796	871
5796	873
5796	875
5796	877
5796	879
5797	2892
5797	2893
5797	2894
5797	4851
5797	4856
5797	6733
5801	4538
5801	4539
5803	740
5803	741
5803	742
5803	743
5803	744
5803	745
5803	746
5803	14445
5805	4540
5805	6487
5805	3974
5805	3975
5805	3976
5805	3977
5805	3983
5805	4280
5805	4281
5805	4282
5805	4283
5805	4284
5805	4285
5805	4286
5805	4287
5805	4288
5805	4289
5805	4290
5805	4291
5805	4292
5805	4293
5805	4294
5805	4295
5805	4296
5805	4297
5805	4298
5805	4299
5805	4300
5805	4301
5805	4302
5805	4303
5805	4306
5808	4011
5808	4012
5808	4013
5808	4014
5808	4015
5808	5928
5809	5934
5809	4107
5809	4109
5809	4110
5811	4504
5825	4420
5825	4421
5825	4424
5825	4427
5825	4428
5825	4435
5825	4436
5825	4437
5825	4438
5825	4440
5825	4442
5825	4515
5825	4516
5825	4517
5825	4518
5825	4519
5825	4520
5825	4522
5825	4523
5825	4525
5825	4530
5825	4531
5825	4532
5825	4623
5825	4842
5825	6035
5825	6168
5830	4480
5831	4479
5832	4481
5837	4548
5840	4323
5840	4324
5841	4323
5841	4324
5842	4113
5842	4116
5842	14427
5843	4490
5844	4499
5847	14230
5847	4358
5847	4359
5847	4360
5847	4361
5847	4362
5847	4363
5847	23841
5848	4154
5848	4158
5853	4130
5853	4131
5853	4132
5853	4133
5854	4130
5854	4131
5854	4132
5854	4133
5855	4130
5855	4131
5855	4132
5855	4133
5879	4809
5879	4810
5879	4811
5879	4812
5879	4813
5879	4814
5881	4832
5883	4396
5883	4397
5883	4398
5883	4399
5883	4400
5884	4376
5884	4377
5884	4378
5884	4379
5884	4380
5938	922
5938	1088
5942	4401
5942	4402
5942	4403
5942	4404
5942	4405
5942	14236
5945	4841
5952	4788
5952	4789
5952	4798
5952	4799
5952	4802
5952	4803
5952	4805
5952	4807
5952	4831
5959	4412
5959	4413
5959	4414
5959	4415
5959	4376
5959	4378
5959	4379
5959	4380
5959	4411
6065	764
6065	765
6065	766
6065	1081
6066	5600
6067	4632
6067	4633
6067	4634
6067	4635
6067	4636
6067	4637
6067	4638
6067	4639
6067	4640
6067	4641
6067	4642
6067	4643
6067	4644
6067	4645
6067	4646
6067	4647
6067	4648
6067	4649
6067	4651
6067	4652
6067	4653
6067	4654
6067	4655
6067	4656
6067	4657
6067	4658
6067	4659
6067	5402
6067	5600
6067	5601
6067	5602
6067	6068
6067	6069
6067	6070
6067	12976
6067	12977
6067	11559
6072	5601
6073	5602
6077	5402
6079	4632
6079	4633
6079	4634
6079	4635
6079	4636
6079	4637
6079	12976
6079	12977
6080	768
6081	1081
6082	741
6166	2727
6166	2728
6166	2729
6166	2730
6168	1087
6169	1082
6169	1087
6181	5243
6181	5256
6181	5259
6181	5261
6181	5263
6181	5267
6181	5269
6181	5270
6181	5271
6181	5273
6181	5399
6181	5400
6181	5401
6181	5710
6181	5711
6181	5712
6181	5713
6181	5714
6181	5715
6181	5716
6181	5717
6181	8580
6184	1088
6190	5622
6196	5477
6212	5710
6245	4716
6245	4719
6246	4670
6246	4671
6246	4672
6246	4673
6246	4674
6246	4675
6246	14225
6247	14225
6247	4670
6247	4671
6247	4672
6247	4673
6247	4674
6247	4675
6248	4696
6248	4697
6248	4699
6249	4700
6250	4678
6250	4681
6250	4685
6251	4679
6251	4682
6251	4684
6252	4680
6252	5760
6252	14226
6257	5428
6257	5429
6257	5430
6258	5268
6258	5272
6258	5274
6259	5260
6259	5262
6281	1890
6312	5682
6313	5683
6441	4674
6442	4718
6443	5048
6443	5053
6443	5056
6443	5755
6443	5756
6443	5761
6443	5762
6443	5775
6443	5912
6443	3630
6443	3631
6443	3632
6443	3633
6443	3634
6443	3636
6443	3637
6443	3641
6443	3653
6443	3654
6443	3674
6443	20797
6443	8886
6464	3638
6464	3640
6464	5763
6486	3130
6486	3131
6487	3101
6634	2953
6640	3102
6652	3199
6655	5893
6753	946
6767	5643
6799	6113
6805	6128
6809	6133
6810	881
6838	1111
6838	1111
6838	4040
6838	4040
6839	4031
6839	4031
6839	4031
6839	4032
6839	4032
6839	4032
6840	6167
6841	6168
6844	205
6844	206
6844	533
6844	898
6844	920
6845	6170
6846	474
6847	6123
6887	4466
6887	4467
6887	2651
6887	2652
6887	2655
6887	2656
6887	2691
6887	2693
6887	2926
6887	3662
6887	3691
6887	3693
6887	3694
6887	3695
6887	379
6894	6239
6914	4809
6915	3855
6930	1038
6930	1057
6952	1128
6952	1196
6989	4670
6989	4671
6989	4672
6989	4673
6989	4674
6989	4675
6989	14225
6990	4676
6990	11937
6991	2760
6994	641
6995	4802
6995	4803
6995	4805
7067	4499
7067	5465
7067	92
7067	2258
7067	10119
7067	11658
7067	11659
7067	11665
7067	11738
7067	11746
7067	11747
7067	11777
7067	11778
7067	11781
7067	11782
7067	11783
7067	11784
7067	12076
7067	12100
7067	12101
7067	7031
7067	7032
7067	7135
7067	7136
7067	7137
7067	8278
7067	9396
7067	13256
7067	14462
7067	14464
7067	15205
7067	15208
7067	15307
7067	2359
7067	2592
7067	2735
7067	2736
7067	2752
7067	2755
7067	2791
7067	2919
7067	4034
7067	4035
7067	4120
7068	2745
7068	2760
7068	4036
7068	4037
7068	4038
7068	8281
7068	8909
7068	8910
7068	8911
7068	9026
7068	9376
7068	5850
7068	5852
7068	5855
7068	6520
7068	6521
7068	9776
7068	9777
7068	9779
7068	9878
7068	9879
7068	10119
7068	11658
7068	11659
7068	11661
7068	11662
7068	11663
7068	11664
7068	11666
7068	11667
7068	11668
7068	12056
7068	12098
7068	12118
7068	12119
7068	12259
7068	12264
7068	14460
7068	14461
7068	15203
7068	15206
7068	15209
7069	14454
7069	14455
7069	14478
7069	15204
7069	15212
7069	15220
7069	6239
7069	2762
7069	832
7069	8667
7069	9377
7069	9397
7069	11576
7069	11577
7069	11578
7069	11736
7069	11744
7069	11745
7070	10642
7070	10756
7070	10757
7070	11736
7070	12759
7070	12876
7070	691
7070	4978
7070	5461
7070	5462
7070	6220
7070	13279
7070	13280
7070	13696
7070	14269
7070	14457
7070	14458
7070	15201
7070	15207
7070	15211
7070	15305
7070	15620
7070	2761
7070	2794
7070	3917
7070	7079
7070	7132
7070	8519
7070	8520
7070	8521
7070	8522
7070	8837
7070	17358
7075	10119
7075	11658
7075	11659
7075	11665
7075	11746
7075	11747
7075	11777
7075	11778
7075	11781
7075	11782
7075	11783
7075	11784
7075	11988
7075	12057
7075	12076
7075	12100
7075	12101
7075	5465
7075	2736
7075	2752
7075	2755
7075	2791
7075	2919
7075	13256
7075	14462
7075	14464
7075	15205
7075	15208
7075	15307
7075	15620
7075	7031
7075	7032
7075	7135
7075	7136
7075	7137
7075	8278
7075	9396
7077	14460
7077	14461
7077	15203
7077	15206
7077	15209
7077	15264
7077	5850
7077	5852
7077	5855
7077	6520
7077	6521
7077	2745
7077	8281
7077	8909
7077	8910
7077	8911
7077	9026
7077	9376
7077	9878
7077	9879
7077	10119
7077	11658
7077	11659
7077	11661
7077	11662
7077	11663
7077	11664
7077	11666
7077	11667
7077	11668
7077	11739
7077	11988
7077	12056
7077	12098
7077	12118
7077	12119
7077	12259
7077	12264
7078	9878
7078	9879
7078	10119
7078	11502
7078	11658
7078	11659
7078	11661
7078	11662
7078	11663
7078	11664
7078	11666
7078	11667
7078	11668
7078	11988
7078	12056
7078	12098
7078	12118
7078	12119
7078	12259
7078	12264
7078	6520
7078	6521
7078	14460
7078	14461
7078	15203
7078	15206
7078	15209
7078	15333
7078	20514
7078	8909
7078	8910
7078	8911
7078	9026
7078	9376
7078	22298
7079	13160
7079	13279
7079	13280
7079	13696
7079	14457
7079	14458
7079	15207
7079	15211
7079	15305
7079	11881
7079	5461
7079	5462
7079	7132
7079	8519
7079	8520
7079	8521
7079	8522
7079	8837
7080	7132
7080	8519
7080	8520
7080	8521
7080	8522
7080	22881
7080	22883
7080	13279
7080	13280
7080	14457
7080	14458
7080	15207
7080	15211
7080	15305
7080	20079
7080	20090
7080	20196
7080	20290
7080	20792
7081	11739
7081	11744
7081	11745
7081	11804
7081	8667
7081	9397
7081	14454
7081	14455
7081	14478
7081	15204
7081	15212
7081	15220
7081	6239
7119	3250
7119	3251
7119	3252
7119	3253
7119	3503
7126	3998
7126	3999
7126	4001
7126	4002
7126	4003
7126	4004
7127	2269
7128	3752
7128	3754
7128	3755
7128	3757
7128	3758
7128	3759
7128	3762
7128	3763
7128	3765
7128	3767
7128	3770
7128	3771
7209	6494
7231	6497
7267	930
7267	949
7270	4054
7291	4668
7293	1867
7293	1888
7293	1889
7293	1912
7293	1913
7293	1914
7293	1915
7293	3577
7293	3578
7306	6570
7365	642
7498	2323
7499	10323
7499	2201
7499	2202
7499	2203
7499	2204
7499	2205
7499	2206
7499	2207
7499	2208
7500	2233
7500	2236
7666	4844
7666	4845
7666	4846
7666	4851
7666	4852
7666	4856
7670	4854
7672	2748
7675	6846
7812	5894
7846	2727
7846	2728
7846	2729
7846	2730
7847	2829
7847	2830
7847	2831
7848	2735
7848	2736
7848	2745
7848	2752
7848	2791
7848	2919
7848	92
7848	8278
7910	28936
7910	28939
7910	28940
7910	28941
7910	28942
7910	28945
7910	28946
7910	29000
7910	29076
7910	4476
7910	5276
7910	5312
7910	5314
7910	5317
7910	5319
7910	5320
7910	5357
7910	5358
7910	5359
7910	5360
7910	5361
7910	5402
7910	5432
7910	5466
7910	5469
7910	5623
7910	5718
7910	5981
7910	6129
7910	6130
7910	6131
7910	6143
7910	6144
7910	6146
7910	6147
7910	6148
7910	6498
7910	6499
7910	6500
7910	6501
7910	6502
7910	6503
7910	6504
7910	6560
7910	6584
7910	731
7910	1800
7910	1801
7910	1805
7910	1836
7910	1840
7910	1846
7910	1852
7910	7068
7910	7069
7910	7072
7910	7075
7910	7091
7910	7108
7910	7135
7910	7137
7910	7272
7910	7276
7910	7286
7910	7370
7910	7428
7910	7429
7910	7435
7910	7436
7910	7437
7910	7441
7910	7461
7910	7462
7910	7463
7910	7604
7910	7605
7910	7606
7910	7608
7910	7665
7910	7667
7910	7734
7910	7789
7910	7795
7910	7796
7910	7797
7910	7803
7910	7805
7910	7808
7910	7809
7910	7846
7910	7848
7910	7851
7910	7899
7910	7902
7910	8075
7910	8196
7910	8197
7910	8198
7910	8199
7910	8217
7910	8282
7910	8336
7910	8337
7910	8391
7910	8438
7910	8442
7910	8497
7910	8504
7910	8578
7910	8716
7910	8717
7910	8718
7910	8925
7910	8926
7910	8927
7910	8928
7910	8932
7910	8933
7910	8976
7910	9026
7910	9376
7910	9398
7910	9437
7910	9438
7910	9439
7910	9441
7910	9442
7910	9443
7910	9445
7910	9447
7910	9448
7910	9449
7910	9450
7910	9451
7910	9452
7910	9476
7910	9477
7910	9516
7910	9520
7910	9522
7910	9541
7910	9677
7910	9678
7910	9680
7910	9681
7910	9683
7910	9684
7910	2433
7910	2447
7910	2601
7910	2726
7910	2745
7910	2754
7910	2755
7910	2757
7910	2759
7910	2763
7910	2919
7910	2931
7910	4364
7910	4368
7910	4370
7910	4399
7910	9956
7910	10040
7910	10041
7910	10043
7910	10119
7910	10120
7910	10196
7910	10198
7910	10201
7910	10202
7910	10258
7910	10394
7910	10497
7910	10602
7910	10662
7910	10663
7910	10664
7910	10680
7910	10681
7910	10683
7910	10717
7910	10737
7910	10741
7910	10742
7910	10828
7910	10919
7910	10946
7910	10981
7910	10982
7910	10983
7910	10986
7910	10987
7910	10990
7910	10991
7910	10996
7910	11032
7910	11284
7910	11346
7910	11355
7910	11553
7910	11598
7910	11600
7910	11602
7910	11603
7910	11604
7910	11605
7910	11657
7910	11659
7910	11663
7910	11664
7910	11675
7910	11677
7910	11678
7910	11679
7910	11783
7910	11837
7910	11838
7910	11839
7910	11840
7910	11878
7910	11885
7910	11887
7910	11898
7910	11947
7910	11949
7910	12048
7910	12050
7910	12051
7910	12052
7910	12053
7910	12121
7910	12122
7910	12124
7910	12127
7910	12128
7910	12156
7910	12157
7910	12159
7910	12207
7910	12337
7910	12339
7910	12377
7910	12378
7910	12379
7910	12380
7910	12396
7910	12397
7910	12460
7910	12474
7910	12475
7910	12476
7910	12477
7910	12478
7910	12479
7910	12496
7910	12497
7910	12498
7910	12800
7910	12801
7910	12802
7910	12803
7910	12899
7910	12900
7910	28529
7910	28557
7910	28609
7910	28610
7910	28611
7910	28769
7910	28819
7910	28846
7910	13136
7910	13137
7910	13138
7910	13139
7910	13140
7910	13143
7910	13144
7910	13145
7910	13146
7910	13147
7910	13152
7910	13153
7910	13154
7910	13176
7910	13179
7910	13180
7910	13181
7910	13236
7910	13256
7910	13257
7910	13279
7910	13284
7910	13296
7910	13297
7910	13298
7910	13299
7910	13300
7910	13301
7910	13316
7910	13318
7910	13319
7910	13320
7910	13324
7910	13325
7910	13326
7910	13328
7910	13329
7910	13331
7910	13332
7910	13333
7910	13334
7910	13335
7910	13336
7910	13337
7910	13358
7910	13359
7910	13396
7910	13397
7910	13421
7910	13422
7910	13424
7910	13425
7910	13426
7910	13427
7910	13428
7910	13438
7910	13440
7910	13441
7910	13442
7910	13443
7910	13446
7910	13447
7910	13448
7910	13526
7910	13527
7910	13528
7910	13529
7910	13530
7910	13531
7910	13536
7910	13539
7910	13540
7910	13541
7910	13542
7910	13545
7910	13548
7910	13549
7910	13551
7910	13576
7910	13577
7910	13676
7910	13696
7910	13718
7910	13738
7910	13739
7910	13741
7910	13742
7910	13797
7910	13798
7910	13896
7910	13957
7910	13958
7910	14187
7910	14282
7910	14283
7910	14308
7910	14351
7910	14370
7910	14457
7910	14461
7910	14464
7910	14471
7910	14474
7910	14518
7910	14519
7910	14520
7910	14521
7910	14564
7910	14603
7910	14604
7910	14638
7910	14639
7910	15162
7910	15203
7910	15204
7910	15205
7910	15206
7910	15207
7910	15208
7910	15209
7910	15211
7910	15212
7910	15220
7910	15305
7910	15307
7923	7051
7968	7167
7968	7168
7972	7358
7972	7370
7972	7523
7972	7524
7972	7864
7972	8523
7972	8524
7972	8525
7972	8526
7972	8527
7972	8528
7972	8529
7972	8530
7972	8531
7972	8532
7972	8538
7972	8539
7972	8540
7972	8541
7972	8542
7972	8543
7972	8544
7972	8545
7972	8567
7972	10381
7972	10382
7972	10384
7972	10385
7972	10390
7972	10391
7972	10394
7972	10405
7972	10406
7972	10407
7972	10411
7972	10414
7972	10416
7972	10417
7972	10463
7972	10464
7972	10478
7972	10479
7972	10480
7972	10481
7972	10485
7972	10486
7972	10487
7972	10488
7972	10489
7972	10491
7972	10495
7972	10497
7972	10498
7972	10499
7972	10500
7972	10580
7972	10816
7972	10826
7972	10946
7972	10996
7972	11469
7972	11470
7972	11471
7972	11472
7972	11473
7972	11475
7972	11476
7972	11477
7972	11598
7972	11873
7972	11878
7972	12262
7972	12263
7972	12377
7972	12378
7972	12379
7972	12380
7972	13145
7972	13146
7972	13147
7972	13154
7972	13155
7972	13180
7972	14518
7972	14519
7972	14520
7972	14521
7972	14564
7972	17878
7972	4472
7972	4474
7972	4475
7972	4476
7972	6116
7972	6117
7972	6118
7972	2433
7972	2535
7972	2536
7972	2537
7972	3094
7972	1488
7972	1489
7972	1783
7972	1784
7972	1785
7972	1787
7972	1788
7972	1789
7972	1791
7972	1793
7972	1794
7972	1795
7972	1796
7972	1800
7972	1801
7972	1802
7972	1804
7972	1805
7972	1847
7972	1850
7972	1852
7974	1088
8009	4844
8009	4845
8009	4846
8009	4847
8009	4848
8009	4849
8009	7030
8009	7091
8009	7290
8052	7030
8052	7091
8052	7290
8052	4844
8052	4845
8052	4846
8052	4847
8052	4848
8052	4849
8053	7023
8074	7288
8136	2166
8150	2359
8150	2551
8150	2592
8150	2611
8150	2723
8150	2735
8150	2736
8150	2748
8150	2749
8150	2751
8150	2752
8150	2754
8150	2755
8150	2763
8150	2791
8150	2919
8150	14351
8150	14462
8150	14464
8150	14471
8150	14604
8150	14640
8150	92
8150	2258
8150	10120
8150	11448
8150	11450
8150	11665
8150	11746
8150	11747
8150	11777
8150	11778
8150	11781
8150	11782
8150	11783
8150	11784
8150	12057
8150	12076
8150	12100
8150	12101
8150	12201
8150	12203
8150	12206
8150	7031
8150	7032
8150	7039
8150	7135
8150	7136
8150	7137
8150	7206
8150	7228
8150	8215
8150	8278
8150	8279
8150	8400
8150	8905
8150	8906
8150	8907
8150	8908
8150	8923
8150	8981
8150	9025
8150	9396
8150	9502
8150	4857
8150	4860
8150	4872
8150	5357
8150	5358
8150	5465
8150	5469
8150	5470
8150	5853
8150	5854
8150	6146
8150	6147
8150	6148
8150	6560
8150	6646
8150	7023
8152	10802
8152	4465
8152	5243
8152	5256
8152	5259
8152	5261
8152	5263
8152	5267
8152	5269
8152	5270
8152	5271
8152	5273
8152	5399
8152	5400
8152	5401
8152	5710
8152	5711
8152	5712
8152	5713
8152	5714
8152	5715
8152	5716
8152	5717
8152	1059
8152	1060
8152	1490
8152	2534
8152	2641
8152	2642
8152	2643
8152	2644
8152	2645
8152	2646
8152	2647
8152	2648
8152	7995
8152	7996
8152	8217
8152	8580
8152	8636
8153	7809
8153	7995
8153	7996
8153	8216
8153	8217
8153	8218
8153	8219
8153	8636
8153	10802
8153	11346
8153	11355
8153	17235
8153	2530
8153	2534
8153	2639
8153	2640
8153	2641
8153	2642
8153	2643
8153	2644
8153	2645
8153	2646
8153	2647
8153	2648
8153	2649
8153	2650
8153	2651
8153	2652
8153	2653
8153	2654
8153	4465
8153	4466
8153	4467
8153	667
8153	669
8153	670
8153	672
8153	696
8153	780
8153	781
8153	782
8153	783
8153	784
8153	1059
8153	1060
8153	1061
8153	1062
8153	1490
8165	12477
8165	12478
8165	12498
8165	5317
8173	6908
8244	5974
8244	5975
8244	5976
8244	5977
8244	5978
8244	5979
8244	5981
8244	5982
8244	5983
8244	5984
8244	5985
8244	5988
8244	5990
8244	5991
8244	5992
8244	5993
8244	5996
8244	5997
8244	5998
8244	5999
8244	6000
8244	6001
8244	6002
8244	6003
8244	6004
8244	6005
8244	6006
8244	6007
8244	6008
8244	6009
8244	6010
8244	7665
8244	7666
8244	7668
8244	7669
8244	7670
8244	7671
8244	7728
8244	7734
8244	7735
8244	7846
8244	8296
8244	8297
8244	8298
8244	8299
8244	8300
8244	8301
8244	8302
8244	8303
8244	8304
8244	8675
8344	7319
8363	2009
8391	5984
8391	5985
8391	8300
8392	8303
8392	5992
8392	5993
8393	5988
8393	8301
8394	8302
8394	5990
8394	5991
8396	5982
8396	5983
8396	8299
8428	5481
8463	950
8483	7805
8483	5615
8483	5616
8483	5617
8483	5618
8483	5623
8548	7604
8587	5455
8587	5456
8587	5457
8587	5458
8587	5459
8587	5460
8623	5419
8623	5420
8623	5421
8623	5422
8623	5423
8623	5424
8623	5425
8623	5426
8623	5427
8623	5428
8623	5429
8623	5430
8623	5431
8623	5441
8623	5450
8623	5451
8623	5452
8623	5453
8623	5454
8623	5455
8623	5456
8623	5457
8623	5458
8623	5459
8623	5460
8623	5465
8623	5466
8623	5469
8623	5470
8623	5471
8623	5472
8623	5473
8623	5474
8623	5475
8623	5481
8623	5485
8623	5490
8623	5615
8623	5616
8623	5617
8623	5618
8623	5623
8623	5645
8623	5646
8623	5647
8623	5648
8623	5649
8623	5650
8623	10080
8623	10081
8623	10082
8623	12046
8623	7246
8623	7247
8623	7269
8623	7272
8623	7274
8623	7276
8623	7286
8623	7604
8623	7605
8623	7606
8623	7608
8623	7795
8623	7796
8623	7797
8623	7803
8623	7847
8623	7855
8623	7856
8623	7857
8623	7858
8623	7883
8623	7899
8623	7902
8623	8095
8623	8120
8623	8200
8623	8203
8623	8205
8623	8667
8623	9396
8623	9397
8704	7808
8704	7809
8704	7977
8704	7995
8704	7996
8704	8210
8704	8214
8704	8217
8704	8219
8704	8636
8704	4465
8704	4466
8704	4467
8704	4468
8704	4469
8704	2505
8704	2639
8704	2640
8704	2641
8704	2642
8704	2643
8704	2644
8704	2645
8704	2646
8704	2647
8704	2648
8704	2649
8704	2650
8704	2651
8704	2652
8704	2653
8704	2654
8704	2655
8704	2656
8704	2657
8704	2658
8704	2659
8704	2680
8704	2681
8704	2686
8704	2691
8704	2692
8704	2693
8704	2694
8704	2707
8704	2923
8704	2924
8704	2925
8704	2926
8704	2927
8704	2928
8704	2929
8704	10802
8704	17235
8704	17236
8705	5229
8705	5232
8705	5234
8705	5236
8705	5237
8705	5238
8705	5239
8705	5240
8705	5241
8705	5244
8705	5245
8705	5246
8705	5247
8705	5249
8705	5251
8705	5253
8705	5254
8705	5255
8705	5258
8705	5260
8705	5262
8705	5268
8705	5272
8705	5274
8705	5276
8705	5278
8705	5286
8705	5287
8705	5288
8705	5292
8705	5293
8705	5295
8705	5296
8705	5297
8705	5299
8705	5300
8705	5304
8705	5305
8705	5306
8705	5307
8705	5308
8705	5327
8705	5328
8705	5331
8705	5332
8705	5333
8705	5334
8705	5335
8705	5336
8705	5337
8705	5343
8705	5346
8705	5347
8705	5349
8705	5350
8705	5352
8705	5356
8705	5357
8705	5358
8705	5359
8705	5360
8705	5361
8705	5362
8705	5363
8705	5364
8705	5366
8705	5461
8705	5462
8705	5881
8705	7584
8705	7725
8705	7726
8705	7727
8705	7848
8705	8075
8705	8136
8705	14603
8705	14604
8705	14638
8705	14639
8705	14640
8705	14661
8707	7273
8723	7847
8831	11462
8831	12219
8831	12220
8831	12223
8831	12224
8831	5481
8831	5485
8831	5490
8831	5881
8831	6517
8831	7101
8831	7139
8831	8384
8831	1812
8831	13022
8831	13141
8831	13142
8831	14448
8836	13021
8836	13022
8836	13141
8836	13142
8836	13197
8836	11458
8836	11459
8836	11461
8836	11462
8836	12219
8836	12220
8836	12223
8836	12224
8836	1813
8836	8384
8838	7101
8838	7139
8838	8384
8838	8981
8838	13022
8838	16135
8838	5481
8838	5485
8838	5490
8838	6517
8838	1812
8838	1851
8838	11462
8838	11465
8838	12224
8846	5481
8846	5485
8846	5490
8846	6517
8846	13021
8846	13022
8846	13136
8846	13196
8846	13197
8846	13285
8846	14303
8846	15335
8846	1812
8846	1813
8846	1851
8846	7101
8846	7104
8846	7138
8846	7139
8846	7149
8846	8384
8846	8910
8846	8911
8846	9601
8846	11458
8846	11459
8846	11461
8846	11462
8846	11464
8846	11465
8846	11665
8846	12224
8932	9817
8932	9818
8932	9819
8932	10083
8932	10317
8932	10381
8932	10382
8932	10384
8932	10385
8932	10387
8932	10390
8932	10391
8932	10394
8932	10398
8932	10399
8932	10400
8932	10405
8932	10406
8932	10407
8932	10408
8932	10409
8932	10411
8932	10412
8932	10413
8932	10414
8932	10416
8932	10417
8932	10418
8932	10419
8932	10420
8932	10421
8932	10422
8932	10423
8932	10424
8932	10425
8932	10426
8932	10463
8932	10464
8932	10601
8932	10602
8932	10605
8932	10608
8932	10681
8932	10717
8932	10827
8932	10828
8932	11032
8932	11043
8932	11120
8932	11142
8932	11290
8932	11291
8932	11441
8932	11448
8932	11450
8932	11451
8932	11452
8932	11454
8932	11457
8932	11458
8932	11462
8932	11473
8932	11476
8932	11477
8932	11483
8932	11611
8932	11613
8932	11721
8932	11735
8932	11736
8932	11738
8932	11739
8932	11741
8932	11804
8932	11880
8932	11881
8932	11898
8932	11949
8932	12128
8932	12250
8932	12337
8932	12339
8932	13022
8932	13036
8932	13136
8932	13138
8932	13149
8932	13150
8932	13296
8932	13300
8932	13320
8932	13396
8932	13437
8932	13617
8932	13797
8932	14187
8932	14188
8932	14370
8932	15162
8932	15201
8932	15206
8932	15208
8932	15220
8932	15320
8932	15620
8932	4472
8932	4474
8932	4475
8932	4476
8932	4493
8932	4494
8932	4851
8932	4979
8932	5262
8932	5263
8932	5988
8932	5991
8932	6129
8932	6135
8932	6137
8932	6138
8932	6187
8932	6189
8932	6196
8932	6198
8932	6199
8932	6200
8932	6201
8932	6202
8932	6350
8932	6510
8932	6511
8932	6516
8932	6519
8932	6520
8932	6521
8932	6555
8932	6559
8932	7025
8932	23051
8932	28529
8932	28530
8932	28594
8932	28608
8932	28609
8932	28610
8932	28611
8932	28683
8932	28936
8932	28939
8932	28940
8932	29000
8932	29001
8932	29076
8932	7026
8932	7027
8932	7028
8932	7033
8932	7034
8932	7035
8932	7040
8932	7041
8932	7042
8932	7043
8932	7055
8932	7068
8932	7069
8932	7070
8932	7071
8932	7072
8932	7075
8932	7105
8932	7154
8932	7438
8932	7439
8932	7440
8932	7441
8932	7442
8932	7443
8932	7447
8932	7450
8932	7457
8932	7523
8932	7524
8932	7666
8932	7851
8932	7885
8932	7886
8932	8299
8932	8524
8932	8526
8932	8528
8932	8529
8932	8530
8932	8532
8932	8539
8932	8540
8932	8541
8932	8542
8932	8543
8932	8544
8932	8545
8932	8546
8932	8547
8932	8548
8932	8550
8932	8551
8932	8553
8932	8555
8932	8556
8932	8558
8932	8560
8932	8561
8932	8562
8932	8598
8932	8916
8932	8921
8932	8956
8932	9045
8932	9096
8932	9097
8932	9098
8932	9166
8932	9176
8932	9197
8932	9199
8932	9200
8932	9216
8932	9240
8932	9241
8932	9257
8932	9258
8932	9259
8932	9260
8932	9261
8932	9262
8932	9263
8932	9264
8932	9265
8932	9266
8932	9268
8932	9269
8932	9318
8932	9398
8932	9416
8932	9447
8932	9448
8932	9449
8932	9450
8932	9451
8932	9452
8932	9583
8932	9678
8932	9692
8932	9693
8932	9696
8932	9716
8932	9717
8932	3662
8932	3691
8932	3693
8932	3694
8932	3695
8932	466
8932	1784
8932	1785
8932	1787
8932	1788
8932	1789
8932	1793
8932	1794
8932	1795
8932	1796
8932	1801
8932	1802
8932	1804
8932	1826
8932	1827
8932	1831
8932	1832
8932	1833
8932	1834
8932	1835
8932	1836
8932	1837
8932	1838
8932	1839
8932	1840
8932	1841
8932	1842
8932	1843
8932	1844
8932	1845
8932	1846
8932	1848
8932	1883
8932	1884
8932	1885
8973	7848
8973	5292
8973	5293
8973	5295
8973	5346
9061	8447
9061	14224
9234	7795
9237	5249
9237	5251
9237	5253
9237	5254
9237	5255
9237	5258
9238	7269
9243	10080
9243	10081
9243	10082
9243	5648
9243	5649
9243	5650
9243	7246
9243	7247
9243	7267
9243	7271
9243	7272
9243	7274
9243	7275
9243	7276
9243	7286
9243	7789
9243	7795
9243	7796
9243	7797
9243	8127
9246	7883
9247	8136
9247	5331
9247	5332
9247	5333
9247	5334
9247	5335
9247	5336
9247	5337
9247	5343
9248	8136
9259	2639
9259	2640
9259	2641
9259	2642
9259	2643
9259	2644
9259	2645
9259	2646
9259	2647
9259	2648
9259	2649
9259	2650
9259	2651
9259	2652
9259	2653
9259	2654
9259	10802
9259	7809
9259	7995
9259	7996
9259	8216
9259	8217
9259	8218
9259	8219
9259	8636
9259	17235
9259	4465
9259	4466
9259	4467
9275	7899
9275	7901
9275	7902
9277	6231
9299	7800
9308	7361
9308	6206
9308	6207
9308	6208
9308	6209
9308	6210
9308	6211
9308	6212
9308	6213
9308	6222
9308	6223
9308	6224
9308	6228
9308	6329
9308	6391
9308	6392
9308	6407
9309	6206
9309	6207
9309	6208
9309	6211
9309	6212
9309	6213
9309	6218
9309	6219
9309	6220
9309	6222
9309	6223
9309	6224
9309	6225
9309	6226
9309	6227
9309	6229
9309	6230
9309	6231
9309	6232
9309	6233
9309	6234
9309	6235
9309	6329
9309	7603
9309	7800
9322	2686
9324	2707
9326	6212
9369	5278
9369	7997
9371	5239
9437	5419
9437	5420
9437	5421
9439	5425
9439	5426
9439	5427
9439	8208
9442	7803
9442	5422
9442	5423
9442	5424
9460	7725
9460	7726
9460	7727
9471	7796
9523	7246
9523	7247
9523	7267
9523	7272
9523	7274
9523	7276
9523	7286
9523	7796
9523	7797
9523	8127
9523	5648
9523	5649
9523	5650
9523	10080
9523	10081
9523	10082
9528	8075
9589	5276
9589	5278
9589	5357
9589	5358
9589	14604
9589	14640
9589	7997
9590	7584
9591	7808
9591	5300
9591	5304
9591	5305
9591	5306
9591	5347
9591	2927
9591	2928
9591	2929
9592	2927
9592	2928
9592	2929
9592	5300
9592	5304
9592	5305
9592	5306
9592	5347
9592	5357
9592	5358
9592	7584
9592	7808
9592	14604
9592	14640
9738	3669
9739	3671
9740	3670
9741	3673
10420	7358
10441	3654
10446	8400
10447	8391
10454	5709
10458	5860
10458	5861
10458	5862
10458	8419
10459	8554
10467	8444
10509	5850
10509	5852
10509	5855
10511	5853
10511	5854
10511	5855
10551	5839
10551	5840
10551	5843
10551	5844
10551	5846
10551	15692
10551	8337
10551	8504
10551	8566
10551	8637
10552	8419
10552	5860
10552	5861
10552	5862
10561	8447
10561	13378
10561	13416
10561	14224
10575	9461
10575	5846
10575	5854
10593	7664
10593	7665
10593	7666
10593	7668
10593	7669
10593	7670
10593	7671
10593	7728
10593	7734
10593	7735
10593	8297
10593	8302
10593	8675
10593	5974
10593	5975
10593	5976
10593	5977
10593	5978
10593	5979
10593	5981
10593	5982
10593	5983
10593	5984
10593	5985
10593	5988
10593	5990
10593	5991
10593	5992
10593	5993
10593	5996
10593	5997
10593	5998
10593	5999
10593	6000
10593	6001
10593	6002
10593	6003
10593	6004
10593	6005
10593	6006
10593	6007
10593	6008
10593	6009
10593	6010
10597	8578
10598	6140
10599	6140
10600	6140
10621	5797
10639	1988
10639	1989
10640	1986
10660	7272
10661	7795
10753	7665
10754	7667
10755	7666
10759	7664
10999	9056
11018	9162
11018	9163
11018	9164
11018	9165
11018	9166
11018	9167
11018	9376
11018	9477
11018	9621
11018	9683
11018	9684
11018	10040
11018	10041
11018	6498
11018	6499
11018	6500
11018	6501
11018	6502
11018	6503
11018	6504
11018	6505
11018	6506
11018	6507
11018	6508
11018	6509
11018	6510
11018	6511
11018	6512
11018	6513
11018	6514
11018	6516
11018	6517
11018	6518
11018	6519
11018	6520
11018	6521
11018	6527
11018	6551
11018	6552
11018	6553
11018	6554
11018	6555
11018	6556
11018	6557
11018	6559
11018	6560
11018	6581
11018	6582
11018	6583
11018	6584
11018	6585
11018	14460
11058	8977
11080	9176
11114	6501
11114	6502
11114	6503
11114	6504
11114	9162
11114	9163
11114	9164
11116	9162
11116	9163
11116	9164
11116	9165
11116	9166
11116	9167
11116	9477
11116	9621
11116	9683
11116	9684
11116	6498
11116	6499
11116	6500
11116	6501
11116	6502
11116	6503
11116	6504
11116	6505
11116	6506
11116	6507
11116	6508
11116	6509
11116	6510
11116	6511
11116	6512
11116	6513
11116	6514
11116	6516
11116	6517
11116	6518
11116	6519
11116	6527
11116	6551
11116	6552
11116	6553
11116	6554
11116	6555
11116	6556
11116	6557
11116	6559
11116	6560
11116	6581
11116	6582
11116	6583
11116	6584
11116	6585
11116	10040
11116	10041
11126	9017
11129	8281
11129	8905
11129	8906
11129	8908
11129	8909
11129	8910
11129	8911
11129	8923
11129	9017
11129	9025
11129	9026
11129	9156
11172	14339
11172	14344
11172	8956
11172	8957
11172	8958
11172	8959
11172	8960
11172	8961
11173	7138
11173	7139
11184	9162
11184	9163
11184	9164
11184	9165
11184	9166
11184	9167
11184	9477
11184	9683
11184	9684
11184	6498
11184	6499
11184	6500
11184	6501
11184	6502
11184	6503
11184	6505
11184	6506
11184	6507
11184	6508
11184	6509
11184	6510
11184	6511
11184	6512
11184	6513
11184	6514
11184	6516
11184	6517
11184	6518
11184	6519
11184	6521
11184	6527
11184	6551
11184	6552
11184	6556
11184	6557
11184	6559
11184	6560
11185	6498
11185	6499
11185	6500
11185	6501
11185	6502
11185	6503
11185	6505
11185	6506
11185	6507
11185	6508
11185	6509
11185	6510
11185	6511
11185	6512
11185	6513
11185	6514
11185	6516
11185	6517
11185	6518
11185	6519
11185	6527
11185	6551
11185	6552
11185	6556
11185	6557
11185	6559
11185	6560
11185	9162
11185	9163
11185	9164
11185	9165
11185	9166
11185	9167
11185	9477
11185	9683
11185	9684
11186	9162
11186	9163
11186	9164
11186	9165
11186	9166
11186	9167
11186	9477
11186	9684
11186	6498
11186	6499
11186	6500
11186	6501
11186	6502
11186	6503
11186	6504
11186	6505
11186	6506
11186	6507
11186	6508
11186	6509
11186	6510
11186	6511
11186	6512
11186	6513
11186	6514
11186	6516
11186	6517
11186	6518
11186	6519
11186	6527
11186	6551
11186	6552
11186	6553
11186	6556
11186	6557
11186	6559
11186	6560
11188	6498
11188	6499
11188	6500
11188	6501
11188	6502
11188	6503
11188	6504
11188	6505
11188	6506
11188	6507
11188	6508
11188	6509
11188	6510
11188	6511
11188	6512
11188	6513
11188	6514
11188	6516
11188	6517
11188	6518
11188	6519
11188	6527
11188	6553
11188	6556
11188	6557
11188	6559
11188	6560
11188	6583
11188	9162
11188	9163
11188	9164
11188	9165
11188	9166
11188	9167
11188	9477
11188	9683
11188	9684
11266	7032
11266	7039
11266	8981
11268	8983
11269	8905
11269	8906
11269	8907
11269	8908
11312	9537
11312	9541
11313	9543
11316	6509
11316	6510
11316	6511
11316	6512
11318	5226
11318	5228
11318	8384
11325	8895
11325	9545
11325	9547
11325	9554
11325	10043
11370	8905
11370	8906
11370	8907
11370	8908
11370	8923
11370	9502
11382	11659
11404	8600
11404	8601
11404	8602
11404	8927
11404	11368
11404	11897
11404	14750
11404	16173
11404	16174
11404	16175
11404	16180
11405	6146
11405	6147
11405	6148
11407	2351
11407	2354
11407	2356
11407	3809
11407	3810
11407	3811
11407	14280
11407	12037
11407	12678
11446	8891
11446	8892
11446	8893
11446	8894
11446	8895
11446	8896
11446	8897
11446	8898
11446	8899
11446	8900
11446	8902
11446	8903
11446	8904
11446	8905
11446	8906
11446	8907
11446	8908
11446	8909
11446	8910
11446	8911
11446	8912
11446	8913
11446	8914
11446	8915
11446	8916
11446	8917
11446	8920
11446	8921
11446	8922
11446	8923
11446	8924
11446	8925
11446	8926
11446	8927
11446	8928
11446	8929
11446	8932
11446	8933
11446	8983
11446	9016
11446	9017
11446	9018
11446	9019
11446	9024
11446	9025
11446	9026
11446	9027
11446	9028
11446	9029
11446	9030
11446	9031
11446	9032
11446	9033
11446	9041
11446	9042
11446	9056
11446	9156
11446	9319
11446	9398
11446	9443
11446	9445
11446	9476
11446	9499
11446	9502
11446	9537
11446	9541
11446	9543
11446	9545
11446	9547
11446	9554
11446	9677
11446	9678
11446	9680
11446	9681
11446	9938
11446	10043
11446	24818
11446	24819
11464	9033
11465	8983
11467	7026
11467	7027
11467	7028
11467	7029
11467	7055
11467	9690
11467	9694
11467	9697
11467	7025
11467	10077
11468	10043
11468	8891
11468	8892
11468	8893
11468	8894
11468	8895
11468	8896
11468	8897
11468	8898
11468	8899
11468	8900
11468	8902
11468	8903
11468	8904
11468	8929
11468	8983
11468	9019
11468	9033
11468	9056
11468	9437
11468	9438
11468	9439
11468	9441
11468	9442
11468	9443
11468	9445
11468	9476
11468	9537
11468	9541
11468	9545
11468	9547
11468	9554
11468	9680
11472	2926
11476	9622
11477	9683
11477	9684
11477	6505
11477	6506
11477	6507
11477	6508
11477	6581
11478	6514
11479	6513
11480	6516
11503	7100
11503	7101
11503	7104
11509	9683
11510	9684
11515	7086
11515	7092
11515	7093
11515	7097
11515	7098
11515	7099
11515	7100
11515	7101
11515	7104
11515	7105
11515	7106
11515	7107
11515	7108
11515	7109
11515	7110
11515	7111
11515	7112
11515	7113
11515	7114
11515	7115
11515	7118
11515	7120
11515	7125
11515	7126
11515	7132
11515	7135
11515	7136
11515	7137
11515	7138
11515	7139
11515	7149
11515	7153
11515	7154
11515	7155
11515	7156
11515	7157
11515	7158
11515	8956
11515	8957
11515	8958
11515	8959
11515	8960
11515	8961
11515	9454
11515	9462
11515	9464
11515	9516
11515	9517
11515	9518
11515	9601
11515	14339
11515	14340
11515	14342
11515	14343
11515	14344
11515	14345
11515	14523
11515	9860
11515	9861
11515	9862
11515	9877
11515	10648
11668	10648
11674	7105
11674	7106
11674	7107
11674	7108
11674	7109
11674	7110
11674	7111
11723	9916
11725	5856
11732	7108
11732	7441
11732	9398
11732	9437
11732	9438
11732	9439
11732	9443
11732	9445
11732	9447
11732	9449
11732	9450
11732	9451
11732	9452
11732	9541
11732	9677
11732	9678
11732	9681
11732	4476
11732	5981
11732	6143
11732	6144
11732	1801
11732	28608
11732	28609
11732	28610
11732	28846
11732	13317
11732	13539
11732	13544
11732	13546
11732	9956
11732	10043
11732	10919
11732	10986
11732	10987
11732	10991
11732	11355
11732	11600
11732	11602
11732	11603
11732	11605
11732	11675
11732	11678
11732	11837
11732	11887
11732	12048
11732	12052
11732	12739
11732	28936
11732	28939
11732	28940
11733	28936
11733	28939
11733	28940
11733	28608
11733	28610
11733	28846
11733	5981
11733	6143
11733	7108
11733	7441
11733	9445
11733	9447
11733	9449
11733	9450
11733	9451
11733	9452
11733	9476
11733	9541
11733	9677
11733	9678
11733	9681
11733	1800
11733	1801
11733	9956
11733	10043
11733	10919
11733	10986
11733	10987
11733	10991
11733	11346
11733	11355
11733	11600
11733	11602
11733	11605
11733	11675
11733	11678
11733	11837
11733	12048
11733	12052
11733	12739
11733	13089
11733	13317
11734	13099
11734	13317
11734	7108
11734	7441
11734	9398
11734	9443
11734	9445
11734	9447
11734	9449
11734	9450
11734	9451
11734	9452
11734	9522
11734	9541
11734	9677
11734	9678
11734	9680
11734	28609
11734	28610
11734	28611
11734	28846
11734	28936
11734	28940
11734	4476
11734	5981
11734	10043
11734	10986
11734	10987
11734	10991
11734	11346
11734	11355
11734	11602
11734	11603
11734	11604
11734	11605
11734	11675
11734	11678
11734	11837
11734	11887
11734	12048
11734	12052
11734	12739
11734	1800
11734	1801
11736	7108
11736	7441
11736	9398
11736	9437
11736	9438
11736	9441
11736	9443
11736	9445
11736	9447
11736	9449
11736	9450
11736	9451
11736	9452
11736	9476
11736	9541
11736	9677
11736	9680
11736	866
11736	1800
11736	1801
11736	28936
11736	28940
11736	29000
11736	28608
11736	28609
11736	28611
11736	28846
11736	10043
11736	10919
11736	10986
11736	10987
11736	10991
11736	11346
11736	11355
11736	11600
11736	11602
11736	11603
11736	11604
11736	11605
11736	11675
11736	11837
11736	11887
11736	12048
11736	12052
11736	4476
11736	5981
11736	6144
11737	4476
11737	6143
11737	6144
11737	28936
11737	28939
11737	28940
11737	7108
11737	7441
11737	9398
11737	9438
11737	9439
11737	9443
11737	9445
11737	9447
11737	9449
11737	9450
11737	9451
11737	9452
11737	9476
11737	9541
11737	9677
11737	9680
11737	13096
11737	13396
11737	13397
11737	1800
11737	1801
11737	9956
11737	10043
11737	10919
11737	10986
11737	10987
11737	10991
11737	11346
11737	11355
11737	11600
11737	11602
11737	11603
11737	11675
11737	11678
11737	11837
11737	11887
11737	12048
11737	12052
11737	28609
11737	28610
11737	28611
11737	28846
11754	7034
11754	7055
11754	8891
11754	8892
11754	8893
11754	8894
11754	8895
11754	8896
11754	8897
11754	8898
11754	8899
11754	8900
11754	8902
11754	8903
11754	8904
11754	8905
11754	8906
11754	8907
11754	8908
11754	8909
11754	8910
11754	8911
11754	8912
11754	8913
11754	8914
11754	8915
11754	8916
11754	8920
11754	8921
11754	8922
11754	8924
11754	8925
11754	8926
11754	8927
11754	8928
11754	8932
11754	8933
11754	9026
11754	9398
11754	9437
11754	9438
11754	9439
11754	9441
11754	9442
11754	9443
11754	9445
11754	9476
11754	9541
11754	9545
11754	9547
11754	9554
11754	9677
11754	9678
11754	9680
11754	9681
11754	24818
11754	24819
11754	10043
11754	11658
11754	11663
11754	11665
11754	11667
11754	11668
11754	11673
11754	12101
11818	8504
11818	8566
11818	5840
11818	5844
11818	5846
11818	15692
11829	9376
11829	6520
11829	6521
11829	14460
11829	14461
11830	9162
11830	9163
11830	9164
11831	9165
11831	9166
11831	9167
11834	6517
11834	6518
11834	6519
11834	6527
11835	10041
11837	10040
11837	6551
11837	6552
11837	6553
11837	6554
11837	6555
12207	2927
12207	2928
12207	2929
12207	2931
12207	1809
12207	5428
12207	5429
12207	5430
12207	5982
12207	5983
12207	14283
12207	14343
12207	7097
12207	7098
12207	7099
12207	7376
12207	7450
12207	7451
12207	7452
12207	7453
12207	7454
12207	7455
12207	7456
12207	7808
12207	8207
12207	8210
12207	8299
12219	9718
12219	9736
12219	10584
12219	9043
12219	9044
12219	9045
12219	9046
12219	9097
12219	9098
12219	9196
12219	9197
12219	9198
12219	9199
12219	9200
12219	9201
12219	9216
12219	9217
12219	9218
12219	9219
12219	9236
12219	9237
12219	9239
12219	9240
12219	9241
12219	9257
12219	9258
12219	9259
12219	9260
12219	9261
12219	9262
12219	9263
12219	9264
12219	9265
12219	9266
12219	9267
12219	9268
12219	9269
12219	9568
12219	9583
12219	9596
12219	9692
12219	9693
12219	9716
12219	9717
12230	7086
12230	7092
12230	14345
12235	6556
12235	6557
12235	6559
12237	2233
12237	2235
12291	9621
12334	7428
12334	7429
12334	10198
12335	9237
12336	9196
12337	9568
12361	7027
12361	7032
12361	7035
12361	7037
12361	7041
12361	7043
12361	7132
12361	7156
12361	7428
12361	7429
12361	7430
12361	7434
12361	7438
12361	7439
12361	7440
12361	7441
12361	7443
12361	7452
12361	7454
12361	7458
12361	7459
12361	7460
12361	7461
12361	7462
12361	7463
12361	7669
12361	7855
12361	8529
12361	8532
12361	8534
12361	8542
12361	8546
12361	8558
12361	8562
12361	8598
12361	8606
12361	8607
12361	9449
12361	9450
12361	1785
12361	1883
12361	4475
12361	4493
12361	5247
12361	5472
12361	5617
12361	5976
12361	5988
12361	6006
12361	6010
12361	6116
12361	6135
12361	6513
12361	6516
12361	6520
12361	6521
12361	6553
12361	6554
12361	6555
12361	13958
12361	14750
12361	10608
12361	11352
12361	11361
12361	11698
12361	11722
12361	11723
12361	11725
12361	11726
12361	11727
12361	11729
12361	11730
12361	11731
12361	11732
12361	11733
12361	11734
12361	11736
12361	11737
12361	11739
12361	11831
12361	12046
12361	12250
12361	12397
12361	2640
12361	2646
12361	2647
12364	2648
12364	5485
12364	5843
12364	6135
12364	6200
12364	6202
12364	6513
12364	6516
12364	6520
12364	6521
12364	6554
12364	6560
12364	7033
12364	7034
12364	7035
12364	7040
12364	7101
12364	7106
12364	7109
12364	7126
12364	7157
12364	7429
12364	7435
12364	7438
12364	7452
12364	7453
12364	7458
12364	7459
12364	7460
12364	7461
12364	7463
12364	7523
12364	8529
12364	8532
12364	8535
12364	8541
12364	8542
12364	8543
12364	8545
12364	8561
12364	8598
12364	8602
12364	9163
12364	9166
12364	9167
12364	9452
12364	9622
12364	9694
12364	9695
12364	9697
12364	9698
12364	1826
12364	1883
12364	10648
12364	10738
12364	11350
12364	11679
12364	11721
12364	11722
12364	11726
12364	11727
12364	11728
12364	11729
12364	11730
12364	11731
12364	11732
12364	11733
12364	11734
12364	11736
12364	11739
12364	11741
12364	11744
12364	11831
12364	11839
12364	12397
12364	15262
12364	15264
12364	15277
12364	15338
12364	15355
12366	7457
12366	7458
12366	7459
12366	7460
12367	7459
12367	7460
12430	7430
12430	7431
12430	7432
12430	7433
12430	7434
12431	7438
12431	7439
12431	7440
12431	7441
12431	7442
12431	10738
12431	10916
12432	7443
12432	7444
12432	7445
12432	7446
12433	7450
12433	7451
12433	7452
12433	7453
12433	7454
12434	7447
12434	7448
12434	7449
12435	7457
12435	7458
12435	7459
12435	7460
12436	7428
12436	7429
12444	7447
12444	7448
12444	7449
12524	7452
12524	7453
12524	7454
12558	7452
12558	7453
12558	7454
12562	9197
12562	9198
12562	9200
12562	9201
12562	9216
12562	9268
12562	9583
12562	335
12607	10442
12607	10447
12607	10814
12622	7443
12622	7444
12622	7445
12622	7446
12623	7447
12623	7448
12623	7449
12630	10429
12712	10584
12735	10414
12735	10416
12735	10417
12735	10439
12738	10816
12739	10836
12753	10488
12753	10491
12753	10502
12753	10505
12753	10507
12753	10901
12771	10916
12771	7438
12771	7439
12771	7440
12771	7441
12771	7442
12780	9568
12800	6146
12800	15355
12804	10822
12804	10823
12804	10983
12804	10984
12804	11338
12804	11339
12804	11340
12804	11346
12804	11350
12804	11351
12804	11352
12804	11353
12804	11355
12804	11356
12804	11380
12804	11382
12804	11383
12804	11387
12804	11388
12804	11391
12804	11679
12804	11830
12804	11831
12804	12156
12804	12157
12804	12158
12804	12159
12804	12248
12804	12250
12804	13144
12804	13956
12804	13957
12804	13958
12804	14507
12804	14509
12804	14510
12804	14515
12804	14517
12804	14834
12804	8560
12804	8561
12804	8562
12804	9239
12804	9240
12804	9241
12804	9265
12804	9266
12804	9267
12804	9268
12804	9269
12811	10418
12811	10419
12811	10420
12811	10421
12811	10422
12811	10423
12811	10424
12811	10425
12811	10426
12811	10811
12811	11043
12811	11120
12811	12128
12811	12337
12811	12339
12822	7132
12829	10916
12840	10390
12840	10391
12840	10411
12840	10485
12840	10580
12840	10678
12840	10801
12840	10816
12840	12262
12840	8523
12840	8524
12840	8525
12840	8526
12840	8527
12840	8530
12840	8531
12840	8534
12840	8535
12840	8538
12840	8540
12840	8541
12840	8543
12840	8547
12840	8548
12840	8551
12840	8555
12840	8556
12840	8557
12840	1783
12840	1784
12840	1785
12840	1787
12840	1789
12840	1791
12840	1793
12840	1794
12840	1795
12840	1796
12840	1800
12840	1801
12840	1802
12840	1804
12840	1847
12840	4474
12840	4475
12840	4476
12840	16383
12841	16379
12841	16380
12841	17878
12841	8528
12841	8529
12841	8532
12841	8539
12841	8542
12841	8544
12841	8545
12841	8546
12841	8550
12841	8553
12841	8558
12841	10381
12841	10382
12841	10394
12841	10398
12841	10399
12841	10400
12841	10405
12841	10406
12841	10407
12841	10408
12841	10409
12841	10412
12841	10413
12841	10414
12841	10416
12841	10417
12841	10463
12841	10464
12841	10469
12841	10470
12841	10471
12841	10472
12841	10476
12841	10477
12841	10478
12841	10486
12841	10487
12841	10488
12841	10489
12841	10491
12841	10495
12841	10497
12841	10498
12841	10499
12841	10500
12841	10901
12841	11075
12841	11076
12841	11077
12841	11078
12841	11082
12841	11121
12841	11257
12841	11284
12841	11551
12841	11582
12841	11622
12841	11873
12841	12263
12841	14518
12841	14519
12841	14520
12841	14521
12841	14564
12841	14695
12841	14697
12841	14861
12841	16141
12841	16184
12841	16298
12841	16299
12841	4472
12841	1788
12841	1805
12841	1848
12842	10738
12843	10393
12843	10432
12843	10433
12843	10435
12843	10436
12843	10437
12843	10438
12843	10439
12843	10440
12843	10502
12843	10503
12843	10504
12843	10505
12843	10506
12843	10507
12843	10508
12843	10516
12843	10558
12843	10808
12843	10809
12843	10821
12843	10825
12843	10826
12843	11058
12843	11143
12843	11261
12843	1850
12843	1852
12843	1853
12843	14516
12843	14684
12843	14690
12843	16143
12871	10339
12884	10896
12925	10882
12946	10992
13140	9862
13140	14522
13140	14523
13140	7114
13140	7118
13140	7120
13172	11058
13174	10381
13174	10382
13174	10405
13174	10406
13174	10407
13174	10412
13174	10413
13174	10414
13174	10416
13174	10417
13174	10435
13174	10436
13174	10437
13174	10439
13174	10440
13174	10463
13174	10516
13174	10558
13174	10808
13174	11143
13194	11075
13195	11077
13196	11078
13197	11076
13207	9517
13250	10813
13251	10440
13350	11121
13351	11120
13352	9236
13354	10411
13354	11078
13354	11873
13354	1800
13354	1801
13354	1802
13354	1804
13354	1852
13354	4472
13354	4476
13356	4474
13356	4475
13356	1791
13356	1793
13356	1794
13356	1795
13356	1796
13356	1805
13356	1847
13356	1850
13356	1852
13356	10580
13356	10801
13356	10836
13356	11075
13357	10816
13357	11076
13357	11077
13357	1783
13357	1784
13357	1785
13357	1787
13357	1788
13357	1789
13357	1852
13444	5317
13444	5319
13444	5320
13444	9736
13444	10196
13444	10201
13444	10258
13444	10394
13444	10680
13444	10681
13444	10683
13444	10742
13444	10828
13444	10946
13444	10983
13444	10996
13444	11032
13444	11284
13444	11598
13444	11663
13444	11677
13444	11679
13444	11804
13444	11838
13444	11839
13444	11840
13444	11878
13444	11898
13444	11947
13444	11949
13444	12050
13444	12051
13444	12053
13444	12127
13444	12128
13444	12156
13444	12157
13444	12158
13444	12261
13444	12337
13444	12339
13444	12380
13444	12396
13444	12460
13444	12474
13444	12475
13444	12476
13444	12477
13444	12478
13444	12479
13444	16937
13444	16938
13444	16951
13444	17057
13444	17058
13444	17084
13444	18044
13444	18046
13444	18086
13444	18087
13444	18088
13444	18089
13444	18115
13444	18116
13444	18117
13444	18118
13444	18120
13444	18121
13444	18122
13444	18159
13444	18160
13444	18282
13444	18679
13444	18685
13444	18686
13444	18992
13444	19174
13444	19192
13444	19354
13444	19732
13444	19733
13444	19946
13444	19947
13444	20088
13444	20089
13444	20270
13444	20293
13444	20294
13444	20295
13444	20442
13444	20443
13444	20444
13444	20445
13444	20477
13444	7068
13444	7070
13444	7071
13444	7072
13444	7075
13444	7104
13444	7428
13444	7429
13444	7435
13444	7436
13444	7437
13444	7664
13444	7665
13444	7667
13444	7734
13444	8716
13444	8717
13444	9448
13444	9520
13444	9605
13444	13078
13444	13086
13444	13088
13444	13137
13444	13138
13444	13139
13444	13140
13444	13143
13444	13144
13444	13145
13444	13146
13444	13147
13444	13150
13444	13152
13444	13153
13444	13154
13444	13155
13444	13176
13444	13179
13444	13180
13444	13181
13444	13218
13444	13236
13444	13257
13444	13284
13444	13296
13444	13297
13444	13298
13444	13299
13444	13300
13444	13318
13444	13319
13444	13320
13444	13324
13444	13325
13444	13326
13444	13327
13444	13328
13444	13329
13444	13330
13444	13331
13444	13332
13444	13333
13444	13334
13444	13335
13444	13336
13444	13337
13444	13358
13444	13359
13444	13377
13444	13419
13444	13421
13444	13422
13444	13424
13444	13425
13444	13426
13444	13427
13444	13428
13444	13437
13444	13438
13444	13439
13444	13440
13444	13441
13444	13442
13444	13443
13444	13446
13444	13447
13444	13448
13444	13449
13444	13526
13444	13527
13444	13530
13444	13531
13444	13576
13444	13577
13444	13617
13444	13797
13444	13798
13444	13956
13444	13957
13444	13958
13444	13959
13444	14185
13444	14186
13444	14187
13444	14188
13444	14285
13444	14351
13444	14518
13444	14519
13444	14520
13444	14521
13444	14564
13444	15206
13444	15220
13444	15389
13444	15541
13444	15620
13444	15743
13444	15744
13444	15757
13444	15758
13444	15818
13444	16072
13444	22374
13444	26222
13444	26223
13444	28768
13444	28769
13444	603
13444	1045
13444	1046
13444	1047
13444	1048
13444	1049
13444	1805
13444	1836
13444	1838
13444	1839
13444	1840
13444	1841
13444	1843
13444	1846
13444	1850
13444	1852
13446	193
13446	603
13446	1045
13446	1046
13446	1047
13446	1048
13446	1049
13446	1800
13446	1801
13446	1805
13446	1836
13446	1838
13446	1839
13446	1840
13446	1841
13446	1842
13446	1843
13446	1846
13446	1850
13446	1852
13446	16937
13446	16938
13446	16951
13446	16977
13446	17057
13446	17058
13446	17084
13446	18044
13446	18046
13446	18086
13446	18087
13446	18088
13446	18089
13446	18115
13446	18116
13446	18117
13446	18118
13446	18120
13446	18121
13446	18122
13446	18159
13446	18160
13446	18282
13446	18679
13446	18685
13446	18686
13446	18992
13446	19174
13446	19192
13446	19354
13446	19732
13446	19733
13446	19946
13446	19947
13446	20088
13446	20089
13446	20270
13446	20293
13446	20294
13446	20295
13446	20442
13446	20443
13446	20444
13446	20445
13446	20477
13446	4476
13446	5317
13446	5319
13446	5320
13446	5981
13446	6129
13446	6130
13446	6131
13446	6143
13446	6144
13446	28936
13446	28939
13446	28940
13446	29076
13446	4364
13446	4366
13446	4368
13446	4370
13446	4371
13446	9736
13446	9776
13446	9777
13446	9778
13446	9779
13446	9956
13446	10043
13446	10196
13446	10198
13446	10201
13446	10258
13446	10394
13446	10479
13446	10497
13446	10680
13446	10681
13446	10683
13446	10742
13446	10828
13446	10919
13446	10946
13446	10983
13446	10984
13446	10986
13446	10987
13446	10991
13446	10996
13446	11032
13446	11120
13446	11196
13446	11284
13446	11346
13446	11355
13446	11553
13446	11598
13446	11600
13446	11602
13446	11603
13446	11604
13446	11605
13446	11663
13446	11664
13446	11675
13446	11677
13446	11678
13446	11679
13446	11837
13446	11838
13446	11839
13446	11840
13446	11878
13446	11887
13446	11898
13446	11947
13446	11949
13446	12048
13446	12050
13446	12051
13446	12052
13446	12053
13446	12127
13446	12128
13446	12156
13446	12157
13446	12158
13446	12159
13446	12261
13446	12337
13446	12339
13446	12380
13446	12396
13446	12460
13446	12474
13446	12475
13446	12476
13446	12477
13446	12478
13446	12479
13446	22374
13446	26222
13446	26223
13446	28529
13446	28594
13446	28608
13446	28609
13446	28610
13446	28611
13446	28654
13446	28683
13446	28768
13446	28769
13446	28846
13446	7068
13446	7069
13446	7070
13446	7071
13446	7072
13446	7075
13446	7104
13446	7108
13446	7428
13446	7429
13446	7435
13446	7436
13446	7437
13446	7441
13446	7664
13446	7665
13446	7666
13446	7667
13446	7734
13446	7735
13446	7851
13446	8716
13446	8717
13446	8980
13446	9398
13446	9437
13446	9438
13446	9439
13446	9441
13446	9442
13446	9443
13446	9445
13446	9447
13446	9448
13446	9449
13446	9450
13446	9451
13446	9452
13446	9476
13446	9520
13446	9522
13446	9541
13446	9601
13446	9605
13446	9677
13446	9678
13446	9680
13446	9681
13446	9683
13446	13078
13446	13080
13446	13081
13446	13086
13446	13087
13446	13088
13446	13089
13446	13096
13446	13097
13446	13099
13446	13136
13446	13137
13446	13138
13446	13139
13446	13140
13446	13143
13446	13144
13446	13145
13446	13146
13446	13147
13446	13150
13446	13152
13446	13153
13446	13154
13446	13155
13446	13176
13446	13179
13446	13180
13446	13181
13446	13218
13446	13236
13446	13257
13446	13284
13446	13296
13446	13297
13446	13298
13446	13299
13446	13300
13446	13316
13446	13317
13446	13318
13446	13319
13446	13320
13446	13324
13446	13325
13446	13326
13446	13327
13446	13328
13446	13329
13446	13330
13446	13331
13446	13332
13446	13333
13446	13334
13446	13335
13446	13336
13446	13337
13446	13357
13446	13358
13446	13359
13446	13377
13446	13378
13446	13396
13446	13397
13446	13421
13446	13422
13446	13424
13446	13425
13446	13426
13446	13427
13446	13428
13446	13437
13446	13438
13446	13439
13446	13440
13446	13441
13446	13442
13446	13443
13446	13446
13446	13447
13446	13448
13446	13449
13446	13524
13446	13526
13446	13527
13446	13529
13446	13530
13446	13531
13446	13536
13446	13537
13446	13538
13446	13539
13446	13540
13446	13541
13446	13545
13446	13546
13446	13547
13446	13548
13446	13549
13446	13550
13446	13554
13446	13555
13446	13556
13446	13557
13446	13576
13446	13577
13446	13617
13446	13797
13446	13798
13446	13956
13446	13957
13446	13958
13446	13959
13446	14185
13446	14186
13446	14187
13446	14188
13446	14351
13446	14518
13446	14519
13446	14520
13446	14521
13446	14564
13446	15162
13446	15389
13446	15541
13446	15591
13446	15743
13446	15744
13446	15757
13446	15758
13446	15818
13446	16072
13446	16135
13469	11023
13470	11022
13542	11876
13545	11562
13545	11563
13626	10508
13725	10503
13815	7885
13815	7886
13815	6195
13815	6196
13853	8603
13853	8605
13920	10678
14047	9717
14047	9718
14047	9736
14047	9817
14047	9818
14047	9819
14047	9860
14047	9861
14047	9862
14047	9877
14047	9956
14047	10036
14047	10043
14047	10078
14047	10199
14047	10201
14047	10263
14047	10316
14047	10317
14047	10318
14047	10319
14047	10381
14047	10382
14047	10384
14047	10385
14047	10390
14047	10391
14047	10393
14047	10394
14047	10398
14047	10399
14047	10400
14047	10405
14047	10406
14047	10407
14047	10411
14047	10414
14047	10416
14047	10417
14047	10418
14047	10419
14047	10420
14047	10421
14047	10422
14047	10423
14047	10424
14047	10425
14047	10426
14047	10429
14047	10432
14047	10433
14047	10435
14047	10436
14047	10438
14047	10440
14047	10463
14047	10464
14047	10469
14047	10470
14047	10471
14047	10472
14047	10475
14047	10476
14047	10477
14047	10478
14047	10479
14047	10480
14047	10481
14047	10482
14047	10485
14047	10486
14047	10487
14047	10488
14047	10489
14047	10491
14047	10495
14047	10497
14047	10498
14047	10499
14047	10500
14047	10502
14047	10503
14047	10504
14047	10505
14047	10507
14047	10508
14047	10509
14047	10516
14047	10558
14047	10580
14047	10584
14047	10605
14047	10608
14047	10648
14047	10680
14047	10681
14047	10742
14047	10762
14047	10801
14047	10808
14047	10811
14047	10813
14047	10816
14047	10817
14047	10821
14047	10822
14047	10823
14047	10824
14047	10826
14047	10827
14047	10828
14047	10899
14047	10901
14047	10916
14047	10919
14047	10946
14047	10983
14047	10984
14047	10986
14047	10987
14047	10991
14047	10996
14047	10997
14047	11032
14047	11043
14047	11058
14047	11082
14047	11120
14047	11121
14047	11143
14047	11180
14047	11196
14047	11257
14047	11261
14047	11284
14047	11290
14047	11291
14047	11338
14047	11339
14047	11340
14047	11346
14047	11350
14047	11351
14047	11352
14047	11353
14047	11355
14047	11356
14047	11360
14047	11361
14047	11368
14047	11383
14047	11387
14047	11388
14047	11390
14047	11391
14047	11440
14047	11441
14047	11442
14047	11443
14047	11444
14047	11445
14047	11448
14047	11450
14047	11451
14047	11452
14047	11453
14047	11454
14047	11455
14047	11456
14047	11457
14047	11467
14047	11469
14047	11470
14047	11471
14047	11472
14047	11473
14047	11475
14047	11476
14047	11477
14047	11486
14047	11487
14047	11488
14047	11490
14047	11492
14047	11501
14047	11516
14047	11552
14047	11553
14047	11582
14047	11598
14047	11600
14047	11602
14047	11603
14047	11604
14047	11605
14047	11611
14047	11613
14047	11622
14047	11657
14047	11675
14047	11677
14047	11678
14047	11679
14047	11830
14047	11831
14047	11837
14047	11838
14047	11839
14047	11840
14047	11873
14047	11878
14047	11880
14047	11881
14047	11882
14047	11883
14047	11887
14047	11898
14047	11947
14047	11949
14047	12048
14047	12050
14047	12051
14047	12052
14047	12053
14047	12127
14047	12128
14047	12156
14047	12157
14047	12158
14047	12159
14047	12160
14047	12178
14047	12179
14047	12199
14047	12248
14047	12250
14047	12261
14047	12262
14047	12263
14047	12322
14047	12337
14047	12339
14047	12377
14047	12378
14047	12379
14047	12380
14047	12396
14047	12457
14047	12459
14047	12739
14047	13078
14047	13079
14047	13080
14047	13081
14047	13086
14047	13087
14047	13088
14047	13089
14047	13096
14047	13097
14047	13098
14047	13099
14047	13137
14047	13138
14047	13139
14047	13140
14047	13143
14047	13144
14047	13145
14047	13146
14047	13147
14047	13149
14047	13150
14047	13151
14047	13152
14047	13153
14047	13154
14047	13155
14047	13176
14047	13179
14047	13180
14047	13181
14047	13218
14047	13236
14047	13257
14047	13276
14047	13284
14047	13296
14047	13297
14047	13298
14047	13299
14047	13300
14047	13316
14047	13317
14047	13318
14047	13319
14047	13320
14047	13324
14047	13325
14047	13326
14047	13327
14047	13328
14047	13329
14047	13330
14047	13331
14047	13332
14047	13333
14047	13334
14047	13335
14047	13336
14047	13337
14047	13356
14047	13357
14047	13358
14047	13359
14047	13377
14047	13378
14047	13396
14047	13397
14047	13416
14047	13419
14047	13421
14047	13422
14047	13424
14047	13425
14047	13426
14047	13427
14047	13428
14047	13437
14047	13438
14047	13439
14047	13440
14047	13441
14047	13442
14047	13443
14047	13446
14047	13447
14047	13448
14047	13449
14047	13524
14047	13525
14047	13526
14047	13527
14047	13528
14047	13529
14047	13530
14047	13531
14047	13534
14047	13535
14047	13536
14047	13537
14047	13538
14047	13539
14047	13540
14047	13541
14047	13542
14047	13543
14047	13544
14047	13545
14047	13546
14047	13547
14047	13548
14047	13549
14047	13550
14047	13551
14047	13552
14047	13553
14047	13554
14047	13555
14047	13556
14047	13557
14047	13576
14047	13577
14047	13597
14047	13598
14047	13617
14047	13776
14047	13797
14047	13798
14047	13840
14047	13841
14047	13956
14047	13957
14047	13958
14047	13996
14047	14185
14047	14186
14047	14187
14047	14188
14047	14284
14047	14285
14047	14321
14047	14322
14047	14323
14047	14324
14047	14325
14047	14326
14047	14327
14047	14340
14047	14342
14047	14349
14047	14351
14047	14354
14047	14479
14047	14506
14047	14516
14047	14518
14047	14519
14047	14520
14047	14521
14047	14532
14047	14564
14047	14684
14047	14750
14047	14821
14047	14825
14047	14861
14047	14880
14047	14882
14047	14883
14047	15111
14047	15162
14047	15201
14047	15202
14047	15213
14047	15541
14047	15542
14047	15591
14047	16042
14047	466
14047	603
14047	853
14047	866
14047	868
14047	1410
14047	1494
14047	1741
14047	1756
14047	1783
14047	1784
14047	1785
14047	1787
14047	1788
14047	1789
14047	1791
14047	1793
14047	1794
14047	1795
14047	1796
14047	1800
14047	1801
14047	1802
14047	1804
14047	1805
14047	1826
14047	1827
14047	1831
14047	1832
14047	1833
14047	1834
14047	1835
14047	1836
14047	1837
14047	1838
14047	1839
14047	1840
14047	1841
14047	1842
14047	1843
14047	1844
14047	1845
14047	1846
14047	1847
14047	1848
14047	1850
14047	1852
14047	1883
14047	1884
14047	1885
14047	7026
14047	7027
14047	7028
14047	7029
14047	7033
14047	7034
14047	7035
14047	7036
14047	7037
14047	7038
14047	7068
14047	7069
14047	7070
14047	7071
14047	7072
14047	7075
14047	7107
14047	7108
14047	7110
14047	7111
14047	7112
14047	7114
14047	7115
14047	7118
14047	7120
14047	7156
14047	7157
14047	7158
14047	7369
14047	7370
14047	7371
14047	7372
14047	7379
14047	7438
14047	7439
14047	7440
14047	7441
14047	7442
14047	7461
14047	7463
14047	7523
14047	7524
14047	7664
14047	7665
14047	7666
14047	7667
14047	7668
14047	7669
14047	7670
14047	7671
14047	7728
14047	7734
14047	7735
14047	7851
14047	7865
14047	7939
14047	7975
14047	7980
14047	8017
14047	8147
14047	8155
14047	8297
14047	8298
14047	8304
14047	8523
14047	8524
14047	8525
14047	8526
14047	8527
14047	8528
14047	8529
14047	8530
14047	8531
14047	8532
14047	8538
14047	8539
14047	8540
14047	8541
14047	8542
14047	8543
14047	8544
14047	8545
14047	8546
14047	8547
14047	8548
14047	8550
14047	8551
14047	8553
14047	8560
14047	8561
14047	8562
14047	8563
14047	8564
14047	8565
14047	8716
14047	8717
14047	8891
14047	8892
14047	8893
14047	8894
14047	8895
14047	8896
14047	8897
14047	8898
14047	8899
14047	8900
14047	8902
14047	8903
14047	8904
14047	8912
14047	8913
14047	8914
14047	8915
14047	8916
14047	8920
14047	8924
14047	8929
14047	8977
14047	8978
14047	8979
14047	8980
14047	8983
14047	9018
14047	9019
14047	9024
14047	9027
14047	9028
14047	9029
14047	9030
14047	9033
14047	9041
14047	9043
14047	9044
14047	9045
14047	9046
14047	9056
14047	9097
14047	9098
14047	9176
14047	9196
14047	9197
14047	9198
14047	9199
14047	9200
14047	9201
14047	9216
14047	9217
14047	9218
14047	9219
14047	9236
14047	9237
14047	9239
14047	9240
14047	9241
14047	9257
14047	9258
14047	9259
14047	9260
14047	9261
14047	9262
14047	9263
14047	9264
14047	9265
14047	9266
14047	9267
14047	9268
14047	9269
14047	9319
14047	9398
14047	9437
14047	9438
14047	9439
14047	9441
14047	9442
14047	9443
14047	9445
14047	9447
14047	9448
14047	9449
14047	9450
14047	9451
14047	9452
14047	9454
14047	9462
14047	9464
14047	9476
14047	9499
14047	9516
14047	9517
14047	9518
14047	9520
14047	9522
14047	9537
14047	9541
14047	9543
14047	9545
14047	9547
14047	9554
14047	9583
14047	9596
14047	9602
14047	9604
14047	9605
14047	9677
14047	9678
14047	9680
14047	9681
14047	9692
14047	9693
14047	9716
14047	4472
14047	4474
14047	4475
14047	4476
14047	4493
14047	4494
14047	4979
14047	5355
14047	5546
14047	5977
14047	5978
14047	5981
14047	6004
14047	6005
14047	6006
14047	6007
14047	6008
14047	6009
14047	6011
14047	6143
14047	6144
14047	6189
14047	6198
14047	6199
14047	6200
14047	6201
14047	6202
14047	6647
14047	6652
14047	7025
14047	22378
14047	22387
14047	22388
14047	24818
14047	24819
14047	26222
14047	26223
14047	28529
14047	28530
14047	28594
14047	28608
14047	28609
14047	28610
14047	28611
14047	28654
14047	28683
14047	28768
14047	28769
14047	28846
14047	28936
14047	28939
14047	28940
14047	29000
14047	29001
14047	29076
14047	38030
14047	16519
14047	16769
14047	16772
14047	16805
14047	16810
14047	16847
14047	16876
14047	16904
14047	16905
14047	16906
14047	16925
14047	16959
14047	16964
14047	16977
14047	17088
14047	17134
14047	17135
14047	17139
14047	17141
14047	17142
14047	17143
14047	17370
14047	17400
14047	17728
14047	17729
14047	17730
14047	17771
14047	17878
14047	17962
14047	17963
14047	17964
14047	18192
14047	18256
14047	18260
14047	18309
14047	18311
14047	18312
14047	18313
14047	18315
14047	18331
14047	18449
14047	18450
14047	18451
14047	18452
14047	18453
14047	18454
14047	18455
14047	18456
14047	18457
14047	18460
14047	18493
14047	18495
14047	18498
14047	18499
14047	18500
14047	18501
14047	18503
14047	18524
14047	18533
14047	18539
14047	18540
14047	18541
14047	18548
14047	18554
14047	18556
14047	18557
14047	18558
14047	18559
14047	18583
14047	18595
14047	18608
14047	18685
14047	18686
14047	18702
14047	18718
14047	18720
14047	18952
14047	18974
14047	18976
14047	18981
14047	19408
14047	19434
14047	19477
14047	19701
14047	19902
14047	19903
14047	19904
14047	20157
14047	20177
14047	20179
14047	20180
14047	20181
14047	20255
14047	20256
14047	20258
14047	20259
14047	20260
14047	20261
14047	20680
14047	20887
14047	20918
14047	21198
14047	21200
14047	21368
14047	21370
14047	21405
14047	21636
14047	21660
14047	21661
14047	21662
14047	21902
14047	21907
14047	21963
14227	2707
14227	1821
14227	1822
14227	1824
14227	8277
14227	8762
14227	8898
14227	8933
14227	9032
14227	9096
14227	10319
14227	10371
14227	10374
14227	10375
14227	10376
14227	10419
14227	10596
14227	11370
14227	11456
14227	11738
14227	11739
14227	5857
14227	5858
14227	14472
14227	14880
14256	13276
14256	14340
14256	14351
14256	14502
14256	15111
14256	9860
14256	9861
14256	9862
14256	9877
14256	10078
14256	10201
14256	10648
14256	11448
14256	11450
14256	11451
14256	11452
14256	11453
14256	11454
14256	11455
14256	11456
14256	11457
14256	12396
14256	12397
14256	7106
14256	7107
14256	7108
14256	7109
14256	7110
14256	7111
14256	7461
14256	7463
14256	7664
14256	7735
14256	8716
14256	8717
14256	9454
14256	9516
14256	9518
14256	6011
14256	6200
14256	6201
14256	6202
14256	6652
14395	11322
14395	11324
14396	11322
14396	11324
14540	11520
14544	3197
14544	3198
14613	11886
14619	1783
14619	1784
14619	1785
14619	1787
14619	1788
14619	1789
15416	10083
15416	10366
15416	10371
15416	10372
15416	10442
15416	10447
15416	10683
15416	10814
15416	12460
15416	12461
15416	12464
15416	12467
15416	12468
15416	12739
15416	7040
15416	7041
15416	7042
15416	7043
15416	7044
15416	7047
15416	9096
15564	5427
15564	6520
15750	13019
15767	12248
15785	12250
15803	12369
15849	11560
15850	11897
15852	3234
15852	3236
15868	12337
15878	11562
15878	11563
15879	9464
15880	10439
15881	4711
15881	4712
15881	4713
15881	4714
15881	4715
15881	4716
15881	4718
15881	4719
15924	4687
15924	11562
15924	12347
15994	10319
15994	10398
15994	11448
15994	11456
15994	8898
15994	9096
16190	12579
16192	11921
16303	12678
16304	12677
16305	12676
16312	4036
16312	4037
16312	4038
16408	12759
16581	11915
16581	11917
16581	11918
16663	10363
16666	10363
16667	1853
16668	10440
16669	10339
16670	9196
16671	10412
16671	10413
16671	10478
16671	11043
16672	9816
16673	10083
16673	9046
16673	9257
16673	9262
16673	9264
16673	9266
16673	9693
16674	10363
16675	10437
16676	9237
16677	1853
16678	10440
16679	9568
16680	9241
16680	9258
16680	9259
16680	9260
16680	9692
16680	10366
16681	10406
16681	10407
16681	10421
16681	9096
16682	10558
16683	10372
16683	9098
16683	9262
16683	9264
16683	9693
16684	10469
16684	11261
16685	10398
16685	10400
16685	10419
16685	10422
16685	10425
16685	10469
16685	9239
16686	1853
16687	10440
16688	10363
16690	10363
16691	10438
16692	10811
16693	1853
16694	10440
16695	10264
16696	9717
16696	9818
16696	9098
16696	9240
16696	9261
16696	9263
16697	10398
16697	10400
16697	10419
16697	10420
16697	10423
16698	1853
16699	10440
16700	10363
16701	10503
16702	10398
16702	10400
16702	10419
16702	10422
16702	10477
16703	9717
16703	9817
16703	10680
16703	9257
16703	9261
16703	9263
16703	9269
16704	10436
16705	10477
16705	10901
16706	10363
16707	1853
16709	10440
16710	10405
16710	10472
16710	10488
16710	10505
16710	11284
16710	9265
16711	11622
16712	9236
16713	9046
16713	9097
16713	9259
16713	9260
16713	9265
16713	9716
16713	10318
16714	10426
16714	10463
16714	10464
16714	10495
16715	10596
16716	9736
16716	10416
16716	10417
16716	10499
16716	10500
16716	10507
16716	11257
16716	9258
16716	9692
16717	9096
16717	9258
16717	9262
16717	9264
16717	9268
16717	9269
16717	9692
16717	10516
16718	10268
16719	10440
16720	1853
16721	10363
16722	10408
16722	10409
16722	10486
16722	10487
16722	10504
16723	10408
16723	10409
16723	10418
16723	10424
16723	12128
16724	10808
16726	10363
16727	1853
16728	10440
16730	10363
16731	1853
16732	10440
16734	10506
16735	10319
16735	9097
16735	9259
16735	9260
16735	9267
16735	9716
16736	9268
16736	10414
16736	10416
16736	10417
16737	10439
16743	3743
16743	3745
16743	3746
16743	3748
16743	3749
16743	3750
16743	3921
16743	3922
16743	3923
16743	3924
16743	3925
16743	3926
16746	2351
16746	2408
16746	2428
16746	3238
16746	3239
16746	3246
16746	3261
16746	3282
16746	3461
16746	3464
16746	3767
16746	3782
16746	3819
16746	3917
16746	3925
16746	3928
16746	4007
16746	4016
16746	4127
16746	202
16746	1939
16746	1974
16746	2269
16746	11322
16746	12678
16746	12856
16782	12876
16786	10083
16786	10258
16786	10264
16786	10366
16786	10371
16786	10372
16786	10683
16786	12463
16786	12464
16786	12465
16786	12467
16786	12468
16786	9096
16786	9568
16790	4802
16869	10664
16870	12900
16871	8197
16872	12899
16885	10987
16885	11602
16885	11677
16885	4979
16976	12918
17009	12865
17010	11659
17010	11666
17010	11667
17010	11668
17010	12056
17011	11659
17011	11665
17011	11988
17011	12057
17011	12076
17011	12100
17011	12101
17203	11988
17306	10981
17306	10983
17306	10984
17306	10990
17306	11602
17306	11679
17306	11840
17306	11947
17306	11949
17306	12048
17306	12050
17306	12051
17306	12052
17306	12053
17306	12121
17306	12127
17306	12156
17306	12157
17306	12158
17306	12159
17306	13078
17306	13080
17306	13086
17306	13087
17306	13096
17306	13098
17306	13138
17306	13139
17306	13146
17306	13149
17306	13150
17306	13151
17306	13153
17306	13176
17306	13180
17306	13218
17306	13236
17306	13256
17306	13257
17306	13284
17306	13296
17306	13297
17306	13298
17306	13299
17306	13300
17306	13317
17306	13318
17306	13319
17306	13320
17306	13324
17306	13325
17306	13326
17306	13327
17306	13328
17306	13329
17306	13330
17306	13331
17306	13332
17306	13333
17306	13334
17306	13335
17306	13336
17306	13337
17306	13356
17306	13358
17306	13359
17306	13377
17306	13396
17306	13397
17306	13419
17306	13421
17306	13422
17306	13424
17306	13425
17306	13426
17306	13427
17306	13428
17306	13437
17306	13438
17306	13439
17306	13440
17306	13441
17306	13442
17306	13443
17306	13446
17306	13447
17306	13448
17306	13524
17306	13525
17306	13526
17306	13527
17306	13529
17306	13531
17306	13546
17306	13547
17306	13548
17306	13549
17306	13550
17306	13551
17306	13552
17306	13553
17306	13554
17306	13555
17306	13556
17306	13557
17306	13576
17306	13577
17306	13598
17306	13617
17306	13777
17306	13797
17306	13798
17306	13816
17306	13841
17306	13956
17306	14185
17306	14186
17306	14187
17306	14188
17306	14282
17306	14283
17306	14763
17306	14767
17306	14768
17306	14770
17309	13279
17322	9816
17326	10981
17326	10983
17326	10986
17326	10990
17326	11603
17326	11678
17326	11679
17326	11947
17326	11949
17326	12048
17326	12050
17326	12051
17326	12052
17326	12053
17326	12121
17326	12127
17326	12156
17326	12157
17326	12158
17326	12159
17326	13138
17326	13143
17326	13145
17326	13146
17326	13153
17326	13176
17326	13180
17326	13218
17326	13256
17326	13257
17326	13284
17326	13296
17326	13297
17326	13298
17326	13299
17326	13300
17326	13317
17326	13319
17326	13320
17326	13324
17326	13325
17326	13326
17326	13327
17326	13328
17326	13329
17326	13330
17326	13331
17326	13332
17326	13333
17326	13334
17326	13335
17326	13336
17326	13337
17326	13358
17326	13359
17326	13377
17326	13397
17326	13419
17326	13421
17326	13422
17326	13424
17326	13425
17326	13426
17326	13427
17326	13428
17326	13437
17326	13438
17326	13440
17326	13441
17326	13443
17326	13446
17326	13447
17326	13448
17326	13525
17326	13527
17326	13528
17326	13529
17326	13531
17326	13548
17326	13550
17326	13576
17326	13577
17326	13617
17326	13676
17326	13797
17326	13798
17326	13816
17326	14185
17326	14186
17326	14187
17326	14188
17326	14282
17326	14283
17326	14763
17326	14765
17326	14767
17326	14768
17326	14769
17326	14771
17327	13078
17327	13080
17327	13086
17327	13087
17327	13096
17327	13098
17327	13138
17327	13139
17327	13143
17327	13147
17327	13153
17327	13154
17327	13176
17327	13180
17327	13218
17327	13236
17327	13256
17327	13257
17327	13284
17327	13296
17327	13297
17327	13298
17327	13299
17327	13300
17327	13317
17327	13318
17327	13319
17327	13320
17327	13324
17327	13325
17327	13326
17327	13327
17327	13328
17327	13329
17327	13330
17327	13331
17327	13332
17327	13333
17327	13334
17327	13335
17327	13336
17327	13337
17327	13356
17327	13358
17327	13359
17327	13377
17327	13396
17327	13419
17327	13421
17327	13422
17327	13424
17327	13425
17327	13426
17327	13427
17327	13428
17327	13437
17327	13438
17327	13439
17327	13440
17327	13442
17327	13443
17327	13446
17327	13447
17327	13448
17327	13449
17327	13524
17327	13525
17327	13526
17327	13527
17327	13529
17327	13531
17327	13536
17327	13546
17327	13547
17327	13548
17327	13549
17327	13550
17327	13551
17327	13552
17327	13553
17327	13554
17327	13555
17327	13556
17327	13557
17327	13576
17327	13577
17327	13598
17327	13617
17327	13676
17327	13797
17327	13798
17327	13816
17327	13841
17327	13956
17327	14185
17327	14186
17327	14187
17327	14188
17327	14282
17327	14283
17327	14767
17327	14769
17327	14770
17327	10981
17327	10983
17327	10984
17327	10990
17327	11602
17327	11679
17327	11840
17327	11949
17327	12048
17327	12050
17327	12051
17327	12052
17327	12053
17327	12121
17327	12127
17327	12156
17327	12158
17327	12159
17328	10981
17328	10987
17328	10990
17328	11600
17328	11679
17328	11948
17328	11949
17328	12048
17328	12050
17328	12051
17328	12052
17328	12053
17328	12127
17328	12157
17328	12159
17328	13078
17328	13080
17328	13086
17328	13087
17328	13096
17328	13098
17328	13138
17328	13139
17328	13176
17328	13180
17328	13236
17328	13256
17328	13257
17328	13284
17328	13296
17328	13297
17328	13298
17328	13299
17328	13300
17328	13317
17328	13318
17328	13319
17328	13320
17328	13324
17328	13325
17328	13326
17328	13327
17328	13328
17328	13329
17328	13330
17328	13331
17328	13332
17328	13333
17328	13334
17328	13335
17328	13336
17328	13337
17328	13356
17328	13358
17328	13359
17328	13396
17328	13419
17328	13421
17328	13422
17328	13424
17328	13425
17328	13426
17328	13427
17328	13428
17328	13437
17328	13438
17328	13439
17328	13440
17328	13442
17328	13443
17328	13446
17328	13447
17328	13524
17328	13525
17328	13526
17328	13527
17328	13531
17328	13546
17328	13547
17328	13548
17328	13549
17328	13550
17328	13551
17328	13552
17328	13553
17328	13554
17328	13555
17328	13556
17328	13557
17328	13576
17328	13577
17328	13598
17328	13797
17328	13841
17328	14185
17328	14187
17328	14188
17328	14282
17328	14283
17328	14763
17328	14765
17328	14766
17328	14768
17329	12118
17330	12098
17331	12259
17332	12264
17346	13301
17411	13320
17411	13424
17411	10990
17411	12052
17411	12127
17422	13078
17422	13079
17422	13080
17422	13081
17422	13086
17422	13087
17422	13088
17422	13089
17422	13096
17422	13097
17422	13098
17422	13099
17422	13137
17422	13138
17422	13139
17422	13140
17422	13143
17422	13144
17422	13145
17422	13146
17422	13147
17422	13152
17422	13153
17422	13154
17422	13155
17422	13176
17422	13179
17422	13180
17422	13181
17422	13218
17422	13236
17422	13256
17422	13257
17422	13284
17422	13296
17422	13297
17422	13298
17422	13299
17422	13300
17422	13316
17422	13317
17422	13318
17422	13319
17422	13320
17422	13324
17422	13325
17422	13326
17422	13327
17422	13328
17422	13329
17422	13330
17422	13331
17422	13332
17422	13333
17422	13334
17422	13335
17422	13336
17422	13337
17422	13356
17422	13357
17422	13358
17422	13359
17422	13377
17422	13378
17422	13396
17422	13397
17422	13416
17422	13419
17422	13421
17422	13422
17422	13424
17422	13425
17422	13426
17422	13427
17422	13428
17422	13437
17422	13438
17422	13439
17422	13440
17422	13441
17422	13442
17422	13443
17422	13446
17422	13447
17422	13448
17422	13449
17422	13524
17422	13525
17422	13526
17422	13527
17422	13528
17422	13529
17422	13530
17422	13531
17422	13534
17422	13535
17422	13536
17422	13537
17422	13538
17422	13539
17422	13540
17422	13541
17422	13542
17422	13543
17422	13544
17422	13545
17422	13546
17422	13547
17422	13548
17422	13549
17422	13550
17422	13551
17422	13552
17422	13553
17422	13554
17422	13555
17422	13556
17422	13557
17422	13576
17422	13577
17422	13597
17422	13598
17422	13617
17422	13676
17422	13776
17422	13797
17422	13798
17422	13816
17422	13840
17422	13841
17422	13956
17422	13957
17422	14185
17422	14186
17422	14187
17422	14188
17422	14282
17422	14283
17422	14285
17422	14763
17422	14765
17422	14766
17422	14767
17422	14768
17422	14769
17422	14770
17422	14771
17422	14772
17422	14774
17422	14775
17422	14777
17422	10981
17422	10982
17422	10983
17422	10984
17422	10986
17422	10987
17422	10990
17422	11600
17422	11602
17422	11603
17422	11605
17422	11678
17422	11679
17422	11838
17422	11839
17422	11840
17422	11947
17422	11948
17422	11949
17422	12048
17422	12050
17422	12051
17422	12052
17422	12053
17422	12121
17422	12122
17422	12127
17422	12156
17422	12157
17422	12158
17422	12159
17423	10981
17423	10982
17423	10984
17423	10987
17423	10990
17423	11600
17423	11602
17423	11679
17423	11839
17423	11840
17423	11947
17423	11949
17423	12048
17423	12050
17423	12051
17423	12052
17423	12053
17423	12121
17423	12122
17423	12127
17423	12156
17423	12158
17423	12159
17423	13079
17423	13081
17423	13088
17423	13089
17423	13097
17423	13099
17423	13137
17423	13139
17423	13140
17423	13143
17423	13144
17423	13145
17423	13146
17423	13147
17423	13152
17423	13153
17423	13154
17423	13155
17423	13176
17423	13179
17423	13180
17423	13181
17423	13218
17423	13236
17423	13256
17423	13284
17423	13298
17423	13299
17423	13316
17423	13317
17423	13318
17423	13319
17423	13320
17423	13324
17423	13325
17423	13326
17423	13327
17423	13328
17423	13329
17423	13330
17423	13331
17423	13332
17423	13333
17423	13334
17423	13335
17423	13337
17423	13357
17423	13358
17423	13359
17423	13378
17423	13397
17423	13416
17423	13419
17423	13421
17423	13422
17423	13424
17423	13425
17423	13426
17423	13427
17423	13428
17423	13440
17423	13441
17423	13443
17423	13447
17423	13448
17423	13449
17423	13526
17423	13528
17423	13529
17423	13530
17423	13531
17423	13534
17423	13535
17423	13536
17423	13537
17423	13538
17423	13539
17423	13540
17423	13541
17423	13542
17423	13543
17423	13544
17423	13545
17423	13576
17423	13577
17423	13597
17423	13676
17423	13776
17423	13797
17423	13798
17423	13840
17423	13957
17423	14185
17423	14186
17423	14187
17423	14188
17423	14282
17423	14283
17423	14285
17423	14770
17423	14771
17423	14772
17423	14774
17423	14775
17423	14777
17502	13089
17502	13137
17502	13139
17502	13140
17502	13143
17502	13145
17502	13146
17502	13152
17502	13153
17502	13154
17502	13155
17502	13176
17502	13180
17502	13181
17502	13236
17502	13256
17502	13284
17502	13296
17502	13299
17502	13319
17502	13320
17502	13324
17502	13325
17502	13326
17502	13327
17502	13328
17502	13329
17502	13330
17502	13331
17502	13332
17502	13333
17502	13334
17502	13335
17502	13337
17502	13358
17502	13359
17502	13378
17502	13396
17502	13416
17502	13419
17502	13421
17502	13422
17502	13424
17502	13425
17502	13426
17502	13427
17502	13428
17502	13440
17502	13441
17502	13442
17502	13443
17502	13447
17502	13448
17502	13449
17502	13526
17502	13528
17502	13530
17502	13531
17502	13547
17502	13551
17502	13576
17502	13577
17502	13676
17502	13776
17502	13797
17502	13798
17502	14185
17502	14186
17502	14187
17502	14188
17502	14282
17502	14283
17502	14770
17502	14771
17502	14772
17502	14774
17502	14775
17502	10981
17502	10982
17502	10984
17502	10987
17502	10990
17502	11602
17502	11605
17502	11679
17502	11839
17502	11947
17502	11949
17502	12048
17502	12050
17502	12051
17502	12052
17502	12053
17502	12122
17502	12127
17502	12156
17502	12157
17502	12158
17502	12159
17503	10981
17503	10982
17503	10983
17503	10984
17503	10990
17503	11600
17503	11602
17503	11679
17503	11838
17503	11947
17503	11949
17503	12048
17503	12050
17503	12051
17503	12052
17503	12053
17503	12127
17503	12156
17503	12157
17503	12158
17503	12159
17503	13079
17503	13081
17503	13088
17503	13089
17503	13097
17503	13099
17503	13137
17503	13140
17503	13143
17503	13144
17503	13145
17503	13146
17503	13147
17503	13152
17503	13153
17503	13154
17503	13155
17503	13176
17503	13179
17503	13180
17503	13181
17503	13218
17503	13236
17503	13256
17503	13284
17503	13298
17503	13316
17503	13317
17503	13318
17503	13324
17503	13325
17503	13326
17503	13327
17503	13328
17503	13329
17503	13330
17503	13331
17503	13332
17503	13333
17503	13334
17503	13335
17503	13336
17503	13337
17503	13358
17503	13359
17503	13377
17503	13397
17503	13419
17503	13421
17503	13422
17503	13424
17503	13425
17503	13426
17503	13427
17503	13428
17503	13440
17503	13442
17503	13443
17503	13447
17503	13448
17503	13449
17503	13528
17503	13529
17503	13530
17503	13531
17503	13534
17503	13535
17503	13536
17503	13537
17503	13538
17503	13539
17503	13540
17503	13541
17503	13542
17503	13543
17503	13544
17503	13545
17503	13576
17503	13577
17503	13597
17503	13776
17503	13797
17503	13798
17503	13840
17503	13957
17503	14185
17503	14186
17503	14187
17503	14188
17503	14282
17503	14283
17503	14285
17503	14770
17503	14774
17503	14775
17503	14777
17504	13079
17504	13081
17504	13088
17504	13089
17504	13097
17504	13099
17504	13137
17504	13140
17504	13143
17504	13144
17504	13145
17504	13146
17504	13147
17504	13152
17504	13153
17504	13154
17504	13155
17504	13176
17504	13179
17504	13180
17504	13181
17504	13218
17504	13236
17504	13256
17504	13257
17504	13284
17504	13299
17504	13316
17504	13319
17504	13324
17504	13325
17504	13326
17504	13327
17504	13328
17504	13329
17504	13330
17504	13331
17504	13332
17504	13333
17504	13334
17504	13335
17504	13336
17504	13337
17504	13358
17504	13359
17504	13397
17504	13416
17504	13421
17504	13422
17504	13424
17504	13425
17504	13426
17504	13427
17504	13428
17504	13440
17504	13441
17504	13443
17504	13447
17504	13448
17504	13449
17504	13528
17504	13529
17504	13530
17504	13531
17504	13534
17504	13535
17504	13536
17504	13537
17504	13538
17504	13539
17504	13540
17504	13541
17504	13542
17504	13543
17504	13544
17504	13545
17504	13546
17504	13576
17504	13597
17504	13676
17504	13797
17504	13798
17504	13840
17504	14185
17504	14186
17504	14187
17504	14188
17504	14282
17504	14283
17504	14770
17504	14771
17504	14772
17504	14774
17504	14775
17504	14777
17504	10981
17504	10987
17504	10990
17504	11605
17504	11678
17504	11679
17504	11839
17504	11947
17504	11949
17504	12048
17504	12050
17504	12051
17504	12052
17504	12053
17504	12122
17504	12127
17642	10990
17642	13676
17643	13618
17643	14282
17643	10981
17662	13602
17684	11688
17684	11790
17684	11791
17684	11792
17684	11793
17684	11794
17684	12201
17684	12203
17684	12206
17684	12207
17684	12216
17684	12218
17684	12219
17684	12220
17684	12221
17684	12222
17684	12223
17684	12224
17684	12225
17684	12236
17684	12237
17684	12239
17684	12240
17684	12241
17684	12242
17684	12243
17684	12258
17684	13282
17684	13596
17684	13601
17684	13696
17684	13718
17684	13738
17684	13739
17684	13740
17684	13741
17684	13742
17702	13282
17703	12236
17756	11777
17756	11778
18143	13139
18143	13176
18143	13256
18143	13284
18143	13296
18143	13298
18143	13299
18143	13300
18143	13320
18143	13324
18143	13325
18143	13326
18143	13327
18143	13328
18143	13329
18143	13330
18143	13331
18143	13332
18143	13333
18143	13334
18143	13335
18143	13336
18143	13359
18143	13419
18143	13421
18143	13422
18143	13424
18143	13425
18143	13426
18143	13427
18143	13428
18143	13438
18143	13440
18143	13443
18143	13446
18143	13447
18143	13449
18143	13525
18143	13527
18143	13528
18143	13531
18143	13576
18143	13577
18143	13797
18143	14185
18143	14186
18143	14187
18143	14188
18143	14282
18143	14283
18143	10981
18143	10990
18143	11679
18143	11949
18143	12048
18143	12050
18143	12051
18143	12052
18143	12053
18143	12127
18143	12158
18143	12159
18144	10981
18144	10983
18144	10990
18144	11600
18144	11679
18144	11947
18144	11949
18144	12048
18144	12050
18144	12051
18144	12052
18144	12053
18144	12127
18144	12156
18144	12157
18144	12159
18144	13138
18144	13139
18144	13143
18144	13154
18144	13176
18144	13218
18144	13256
18144	13257
18144	13284
18144	13296
18144	13297
18144	13298
18144	13299
18144	13300
18144	13318
18144	13320
18144	13324
18144	13325
18144	13326
18144	13327
18144	13328
18144	13329
18144	13330
18144	13331
18144	13332
18144	13333
18144	13334
18144	13335
18144	13336
18144	13337
18144	13358
18144	13359
18144	13419
18144	13421
18144	13422
18144	13424
18144	13425
18144	13426
18144	13427
18144	13428
18144	13437
18144	13438
18144	13440
18144	13442
18144	13443
18144	13447
18144	13448
18144	13527
18144	13529
18144	13531
18144	13576
18144	13577
18144	13797
18144	13798
18144	14185
18144	14186
18144	14187
18144	14188
18144	14282
18144	14283
18144	14763
18144	14765
18144	14770
18145	13089
18145	13137
18145	13140
18145	13143
18145	13145
18145	13146
18145	13153
18145	13154
18145	13176
18145	13181
18145	13218
18145	13236
18145	13256
18145	13284
18145	13319
18145	13324
18145	13325
18145	13326
18145	13327
18145	13328
18145	13329
18145	13330
18145	13331
18145	13332
18145	13333
18145	13334
18145	13335
18145	13336
18145	13337
18145	13358
18145	13359
18145	13396
18145	13419
18145	13421
18145	13422
18145	13424
18145	13425
18145	13426
18145	13427
18145	13428
18145	13440
18145	13442
18145	13443
18145	13447
18145	13448
18145	13449
18145	13528
18145	13530
18145	13531
18145	13538
18145	13576
18145	13577
18145	13676
18145	13797
18145	13798
18145	14185
18145	14186
18145	14187
18145	14188
18145	14282
18145	14283
18145	14775
18145	10981
18145	10982
18145	10984
18145	10987
18145	10990
18145	11602
18145	11679
18145	11839
18145	11947
18145	12048
18145	12050
18145	12051
18145	12052
18145	12053
18145	12122
18145	12127
18145	12156
18145	12159
18146	10981
18146	10990
18146	11602
18146	11605
18146	11678
18146	11679
18146	11839
18146	11947
18146	11949
18146	12048
18146	12050
18146	12051
18146	12052
18146	12053
18146	12127
18146	13137
18146	13143
18146	13145
18146	13146
18146	13152
18146	13153
18146	13154
18146	13176
18146	13181
18146	13256
18146	13284
18146	13296
18146	13318
18146	13320
18146	13324
18146	13325
18146	13326
18146	13327
18146	13328
18146	13329
18146	13330
18146	13331
18146	13332
18146	13333
18146	13334
18146	13335
18146	13336
18146	13337
18146	13358
18146	13359
18146	13378
18146	13416
18146	13421
18146	13422
18146	13424
18146	13425
18146	13426
18146	13427
18146	13428
18146	13440
18146	13443
18146	13449
18146	13526
18146	13530
18146	13531
18146	13543
18146	13546
18146	13576
18146	13676
18146	13797
18146	13798
18146	14185
18146	14187
18146	14188
18146	14282
18146	14283
18146	14772
18146	14775
18146	14777
18147	13137
18147	13139
18147	13140
18147	13143
18147	13145
18147	13146
18147	13152
18147	13153
18147	13155
18147	13176
18147	13181
18147	13236
18147	13256
18147	13257
18147	13299
18147	13316
18147	13317
18147	13319
18147	13320
18147	13324
18147	13325
18147	13326
18147	13327
18147	13328
18147	13329
18147	13330
18147	13331
18147	13332
18147	13333
18147	13334
18147	13335
18147	13337
18147	13358
18147	13359
18147	13377
18147	13421
18147	13422
18147	13424
18147	13425
18147	13426
18147	13427
18147	13428
18147	13440
18147	13441
18147	13442
18147	13443
18147	13447
18147	13448
18147	13449
18147	13528
18147	13529
18147	13531
18147	13551
18147	13576
18147	13577
18147	13676
18147	13797
18147	13798
18147	13957
18147	14185
18147	14186
18147	14187
18147	14188
18147	14282
18147	14283
18147	14770
18147	14772
18147	14775
18147	14777
18147	10981
18147	10982
18147	10983
18147	10990
18147	11600
18147	11602
18147	11679
18147	11838
18147	11839
18147	11947
18147	11949
18147	12048
18147	12050
18147	12051
18147	12052
18147	12053
18147	12122
18147	12127
18147	12156
18147	12157
18147	12158
18147	12159
18148	12159
18206	10981
18206	10986
18206	10987
18206	10990
18206	11679
18206	11949
18206	12048
18206	12050
18206	12051
18206	12052
18206	12053
18206	12121
18206	12127
18206	13138
18206	13139
18206	13180
18206	13236
18206	13257
18206	13296
18206	13297
18206	13299
18206	13319
18206	13320
18206	13324
18206	13325
18206	13326
18206	13327
18206	13328
18206	13329
18206	13330
18206	13331
18206	13332
18206	13333
18206	13334
18206	13335
18206	13336
18206	13337
18206	13358
18206	13359
18206	13377
18206	13419
18206	13421
18206	13422
18206	13424
18206	13425
18206	13426
18206	13428
18206	13440
18206	13441
18206	13443
18206	13447
18206	13448
18206	13527
18206	13531
18206	13536
18206	13548
18206	13576
18206	13577
18206	13676
18206	13797
18206	13798
18206	13816
18206	14185
18206	14188
18206	14282
18206	14283
18207	13137
18207	13143
18207	13145
18207	13146
18207	13152
18207	13153
18207	13155
18207	13176
18207	13180
18207	13256
18207	13284
18207	13298
18207	13299
18207	13319
18207	13320
18207	13324
18207	13325
18207	13326
18207	13327
18207	13328
18207	13329
18207	13330
18207	13331
18207	13332
18207	13333
18207	13334
18207	13335
18207	13336
18207	13337
18207	13358
18207	13359
18207	13416
18207	13419
18207	13421
18207	13422
18207	13424
18207	13425
18207	13426
18207	13427
18207	13428
18207	13440
18207	13441
18207	13443
18207	13447
18207	13448
18207	13449
18207	13528
18207	13531
18207	13547
18207	13576
18207	13798
18207	14185
18207	14186
18207	14187
18207	14188
18207	14282
18207	14283
18207	10981
18207	10984
18207	10990
18207	11600
18207	11679
18207	11839
18207	11947
18207	12048
18207	12050
18207	12051
18207	12052
18207	12053
18207	12122
18207	12127
18207	12156
18207	12157
18207	12159
18250	14321
18250	14323
18250	14325
18250	14326
18250	14351
18250	11441
18250	11444
18250	11445
18250	11448
18250	11450
18261	14354
18299	13280
18332	14321
18332	14322
18332	14323
18332	14324
18332	14325
18332	14326
18332	14351
18332	11486
18332	11487
18332	11488
18332	11489
18332	11496
18332	11501
18333	11486
18333	11487
18333	11488
18333	11489
18333	11496
18333	11501
18333	14321
18333	14322
18333	14323
18333	14324
18333	14325
18333	14326
18333	14351
18334	14321
18334	14322
18334	14323
18334	14324
18334	14325
18334	14326
18334	14351
18334	11486
18334	11487
18334	11488
18334	11489
18334	11496
18334	11501
18335	9717
18335	9817
18335	9818
18335	9819
18335	10201
18335	10316
18335	10317
18335	10318
18335	10319
18335	10381
18335	10382
18335	10384
18335	10385
18335	10390
18335	10391
18335	10394
18335	10398
18335	10399
18335	10400
18335	10405
18335	10406
18335	10407
18335	10414
18335	10416
18335	10417
18335	10418
18335	10419
18335	10420
18335	10421
18335	10422
18335	10423
18335	10424
18335	10425
18335	10426
18335	10463
18335	10464
18335	10469
18335	10470
18335	10471
18335	10476
18335	10477
18335	10478
18335	10486
18335	10487
18335	10488
18335	10489
18335	10491
18335	10495
18335	10498
18335	10499
18335	10500
18335	10680
18335	10681
18335	10742
18335	10762
18335	10996
18335	11032
18335	11043
18335	11257
18335	11284
18335	11338
18335	11339
18335	11340
18335	11350
18335	11351
18335	11352
18335	11353
18335	11356
18335	11387
18335	11388
18335	11391
18335	11441
18335	11444
18335	11445
18335	11448
18335	11450
18335	11452
18335	11453
18335	11456
18335	11457
18335	11469
18335	11470
18335	11471
18335	11472
18335	11473
18335	11475
18335	11582
18335	11657
18335	11679
18335	11830
18335	11831
18335	11878
18335	11898
18335	11947
18335	11949
18335	12051
18335	12128
18335	12156
18335	12157
18335	12158
18335	12339
18335	12396
18335	12457
18335	12459
18335	7072
18335	7461
18335	7463
18335	7665
18335	7667
18335	7734
18335	8716
18335	8717
18335	9197
18335	9216
18335	9241
18335	9259
18335	9260
18335	9261
18335	9262
18335	9263
18335	9264
18335	9265
18335	9266
18335	9268
18335	9269
18335	9448
18335	9583
18335	9692
18335	9693
18335	9716
18335	1788
18335	1805
18335	1832
18335	1836
18335	1843
18335	1846
18335	1852
18335	13137
18335	13138
18335	13139
18335	13140
18335	13143
18335	13144
18335	13145
18335	13146
18335	13147
18335	13152
18335	13153
18335	13154
18335	13176
18335	13179
18335	13180
18335	13181
18335	13236
18335	13284
18335	13296
18335	13297
18335	13298
18335	13299
18335	13300
18335	13318
18335	13319
18335	13320
18335	13437
18335	13438
18335	13440
18335	13441
18335	13443
18335	13447
18335	13448
18335	13449
18335	13526
18335	13530
18335	13531
18335	13576
18335	13577
18335	13797
18335	13957
18335	13996
18335	14351
18335	14518
18335	14519
18335	14520
18335	14521
18335	14750
18335	14825
18335	14882
18335	14883
18335	15111
18335	15591
18357	11458
18358	11450
18360	11450
18360	13160
18362	13160
18362	11483
18426	14327
18562	13996
18563	12056
18564	12057
18590	7450
18590	7451
18590	7452
18590	7453
18590	7454
18603	11451
18603	11452
18603	11453
18603	11454
18603	11455
18603	11456
18603	11457
18604	7461
18604	7462
18604	7463
18622	9862
18623	6011
18624	6200
18624	6201
18624	6202
18625	14467
18704	6109
18704	7435
18704	7436
18704	7437
18705	7040
18705	7041
18705	7042
18705	7043
18705	7044
18705	7045
18705	7046
18705	7047
18705	7048
18705	7049
18705	8976
18705	9461
18705	10184
18705	36538
18719	14523
18792	10488
18792	11458
18880	14516
18944	9318
18945	8891
18945	8892
18945	8893
18945	8894
18945	8895
18945	8896
18945	8897
18945	8898
18945	8899
18945	8900
18945	8902
18945	8903
18945	8904
18945	8905
18945	8906
18945	8907
18945	8908
18945	8909
18945	8910
18945	8911
18945	8912
18945	8913
18945	8914
18945	8915
18945	8916
18945	8920
18945	8921
18945	8922
18945	8923
18945	8924
18945	8925
18945	8926
18945	8927
18945	8928
18945	8929
18945	8932
18945	8933
18945	8983
18945	9016
18945	9017
18945	9018
18945	9019
18945	9024
18945	9025
18945	9026
18945	9027
18945	9028
18945	9029
18945	9030
18945	9031
18945	9032
18945	9033
18945	9041
18945	9042
18945	9056
18945	9156
18945	9319
18945	9398
18945	9437
18945	9438
18945	9439
18945	9441
18945	9442
18945	9443
18945	9445
18945	9476
18945	9499
18945	9502
18945	9537
18945	9541
18945	9543
18945	9545
18945	9547
18945	9554
18945	9677
18945	9678
18945	9680
18945	9681
18945	9938
18945	10043
18945	24818
18945	24819
18946	14621
18947	7848
18947	5296
18947	5297
18947	5299
18952	14533
18953	14534
18954	14530
18955	14535
18956	14603
18956	14604
18956	14638
18956	14639
18956	14640
18958	5461
18958	5462
18959	5840
18960	8566
18961	5244
18961	5245
18961	5246
18961	5247
18961	14661
18962	14661
18969	5296
18969	5297
18969	5299
18969	7848
18972	7848
18972	5296
18972	5297
18972	5299
19002	11583
19003	11583
19017	11502
19018	14435
19023	7977
19025	2659
19034	14748
19064	10802
19698	11338
19698	11339
19698	11340
19698	11350
19698	11351
19698	11352
19698	11353
19698	11356
19698	11357
19698	11359
19698	11361
19698	11365
19698	11370
19698	11371
19698	11372
19698	11387
19698	11388
19698	11391
19698	11830
19698	11831
19698	14532
19698	14750
19698	14821
19698	14825
19698	14882
19698	14883
19698	15043
19698	15111
19699	14532
19699	14750
19699	14821
19699	14825
19699	14882
19699	14883
19699	15043
19699	15111
19699	11338
19699	11339
19699	11340
19699	11350
19699	11351
19699	11352
19699	11353
19699	11356
19699	11357
19699	11359
19699	11361
19699	11365
19699	11370
19699	11371
19699	11372
19699	11387
19699	11388
19699	11391
19699	11830
19699	11831
19700	11338
19700	11339
19700	11340
19700	11350
19700	11351
19700	11352
19700	11353
19700	11356
19700	11357
19700	11359
19700	11361
19700	11365
19700	11370
19700	11371
19700	11372
19700	11387
19700	11388
19700	11391
19700	11830
19700	11831
19700	14532
19700	14750
19700	14821
19700	14825
19700	14882
19700	14883
19700	15043
19700	15111
19701	14532
19701	14750
19701	14821
19701	14825
19701	14882
19701	14883
19701	15043
19701	15111
19701	11338
19701	11339
19701	11340
19701	11350
19701	11351
19701	11352
19701	11353
19701	11356
19701	11357
19701	11359
19701	11361
19701	11365
19701	11370
19701	11371
19701	11372
19701	11387
19701	11388
19701	11390
19701	11391
19701	11830
19701	11831
19702	11338
19702	11339
19702	11340
19702	11350
19702	11351
19702	11352
19702	11353
19702	11356
19702	11357
19702	11359
19702	11361
19702	11365
19702	11370
19702	11371
19702	11372
19702	11387
19702	11388
19702	11391
19702	11830
19702	11831
19702	14532
19702	14750
19702	14821
19702	14825
19702	14882
19702	14883
19702	15043
19702	15111
19703	14532
19703	14750
19703	14821
19703	14825
19703	14882
19703	14883
19703	15043
19703	15111
19703	11338
19703	11339
19703	11340
19703	11350
19703	11351
19703	11352
19703	11353
19703	11356
19703	11357
19703	11359
19703	11361
19703	11365
19703	11370
19703	11371
19703	11372
19703	11387
19703	11388
19703	11391
19703	11830
19703	11831
19704	11338
19704	11339
19704	11340
19704	11350
19704	11351
19704	11352
19704	11353
19704	11356
19704	11357
19704	11359
19704	11361
19704	11365
19704	11370
19704	11371
19704	11372
19704	11387
19704	11388
19704	11391
19704	11830
19704	11831
19704	14532
19704	14750
19704	14821
19704	14825
19704	14882
19704	14883
19704	15043
19704	15111
19705	14532
19705	14750
19705	14821
19705	14825
19705	14882
19705	14883
19705	15043
19705	15111
19705	11338
19705	11339
19705	11340
19705	11350
19705	11351
19705	11352
19705	11353
19705	11356
19705	11357
19705	11359
19705	11361
19705	11365
19705	11370
19705	11371
19705	11372
19705	11387
19705	11388
19705	11391
19705	11830
19705	11831
19706	11338
19706	11339
19706	11340
19706	11350
19706	11351
19706	11352
19706	11353
19706	11356
19706	11357
19706	11359
19706	11361
19706	11365
19706	11370
19706	11371
19706	11372
19706	11387
19706	11388
19706	11391
19706	11830
19706	11831
19706	14532
19706	14750
19706	14821
19706	14825
19706	14882
19706	14883
19706	15043
19706	15111
19802	14834
19933	14476
19933	5988
19933	8301
19933	8926
19933	9691
19933	9695
19933	9698
19933	9701
19933	11735
19933	11736
19933	11737
20017	8761
20019	5719
20022	5719
20023	6377
20023	6378
20023	6379
20023	6380
20023	8762
20023	8766
20025	5719
20027	8761
20028	6198
20028	6199
20029	6195
20085	5719
20087	6347
20087	6348
20087	6349
20310	13019
20310	4663
20310	4664
20310	4665
20310	4666
20310	4667
20310	4668
20310	4705
20373	11735
20374	11736
20375	11737
20376	11738
20377	11739
20378	11744
20378	11746
20378	14455
20383	12017
20384	11698
20384	11721
20384	11722
20384	11723
20384	11724
20384	11725
20384	11726
20384	11727
20384	11728
20384	11729
20384	11730
20384	11731
20384	11732
20384	11733
20384	11734
20384	13136
20384	13301
20384	15759
20385	15196
20394	15200
20395	11803
20396	11804
20404	11804
20404	11880
20404	11881
20404	11882
20404	11883
20404	14479
20404	15201
20404	15213
20404	15308
20404	15541
20404	15542
20407	11880
20407	11881
20407	11882
20407	11883
20407	14479
20407	15201
20407	15213
20407	15541
20407	15542
20457	13136
20457	13301
20457	11698
20457	11721
20457	11722
20457	11723
20457	11724
20458	11725
20458	11726
20458	11727
20458	11728
20458	11729
20459	11730
20459	11731
20459	11732
20459	11733
20459	11734
20461	11698
20461	11721
20461	11722
20461	11723
20461	11724
20461	11725
20461	11726
20461	11727
20461	11728
20461	11729
20461	11730
20461	11731
20461	11732
20461	11733
20461	11734
20461	13136
20461	13301
20465	14862
20466	15202
20482	15273
20482	15274
20482	15294
20482	15298
20483	15298
20513	15209
20513	15211
20513	15212
20513	15307
20514	15206
20514	15207
20514	15208
20514	15220
20515	15203
20515	15204
20515	15205
20515	15305
20519	15685
20519	7855
20519	7856
20519	7857
20519	7858
20519	7883
20519	8203
20520	10477
20520	10502
20520	10505
20520	10507
20520	10901
20520	11582
20606	5713
20606	5716
20607	5715
20607	5717
20608	5712
20608	5714
20610	1809
20610	1821
20610	1822
20610	1824
20611	1809
20611	1815
20611	1816
20613	7138
20613	7139
20613	7149
20614	7092
20644	14887
20644	14888
20644	14889
20644	14890
20741	7156
20741	7157
20741	7158
20742	7438
20742	7439
20742	7440
20742	7441
20742	7442
20742	10738
20742	10916
20759	15408
20760	15407
20764	15420
20765	15968
20772	15651
20772	15652
20797	15366
20797	15372
20799	15367
20803	15308
20858	15229
20858	15230
20858	15233
20858	15235
20858	15236
20858	15240
20858	15246
20858	15247
20858	15249
20858	15250
20858	15252
20858	15262
20858	15264
20858	15277
20858	15311
20858	15312
20858	15318
20858	15319
20858	15320
20858	15323
20858	15324
20858	15325
20858	15327
20858	15333
20858	15335
20858	15336
20858	15338
20858	15343
20858	15355
20858	15385
20858	15386
20858	15388
20858	15389
20858	15390
20858	15391
20858	15392
20858	15461
20858	15462
20859	15229
20859	15230
20859	15233
20859	15235
20859	15236
20859	15240
20859	15246
20859	15247
20859	15249
20859	15250
20859	15252
20859	15262
20859	15264
20859	15277
20859	15311
20859	15312
20859	15318
20859	15319
20859	15320
20859	15323
20859	15324
20859	15325
20859	15327
20859	15333
20859	15335
20859	15336
20859	15338
20859	15343
20859	15355
20859	15385
20859	15386
20859	15388
20859	15389
20859	15390
20859	15391
20859	15392
20859	15461
20859	15462
20860	15229
20860	15230
20860	15233
20860	15235
20860	15236
20860	15240
20860	15246
20860	15247
20860	15249
20860	15250
20860	15252
20860	15262
20860	15264
20860	15277
20860	15311
20860	15312
20860	15318
20860	15319
20860	15320
20860	15323
20860	15324
20860	15325
20860	15327
20860	15333
20860	15335
20860	15336
20860	15338
20860	15343
20860	15355
20860	15385
20860	15386
20860	15388
20860	15389
20860	15390
20860	15391
20860	15392
20860	15461
20860	15462
20861	15229
20861	15230
20861	15233
20861	15235
20861	15236
20861	15240
20861	15246
20861	15247
20861	15249
20861	15250
20861	15252
20861	15262
20861	15264
20861	15277
20861	15311
20861	15312
20861	15318
20861	15319
20861	15320
20861	15323
20861	15324
20861	15325
20861	15327
20861	15333
20861	15335
20861	15336
20861	15338
20861	15343
20861	15355
20861	15385
20861	15386
20861	15388
20861	15389
20861	15390
20861	15391
20861	15392
20861	15461
20861	15462
20862	15229
20862	15230
20862	15233
20862	15235
20862	15236
20862	15240
20862	15246
20862	15247
20862	15249
20862	15250
20862	15252
20862	15262
20862	15264
20862	15277
20862	15311
20862	15312
20862	15318
20862	15319
20862	15320
20862	15323
20862	15324
20862	15325
20862	15327
20862	15333
20862	15335
20862	15336
20862	15338
20862	15343
20862	15355
20862	15385
20862	15386
20862	15388
20862	15389
20862	15390
20862	15391
20862	15392
20862	15461
20862	15462
20863	15229
20863	15230
20863	15233
20863	15235
20863	15236
20863	15240
20863	15246
20863	15247
20863	15249
20863	15250
20863	15252
20863	15262
20863	15264
20863	15277
20863	15311
20863	15312
20863	15318
20863	15319
20863	15320
20863	15323
20863	15324
20863	15325
20863	15327
20863	15333
20863	15335
20863	15336
20863	15338
20863	15343
20863	15355
20863	15385
20863	15386
20863	15388
20863	15389
20863	15390
20863	15391
20863	15392
20863	15461
20863	15462
20864	15229
20864	15230
20864	15233
20864	15235
20864	15236
20864	15240
20864	15246
20864	15247
20864	15249
20864	15250
20864	15252
20864	15262
20864	15264
20864	15277
20864	15311
20864	15312
20864	15318
20864	15319
20864	15320
20864	15323
20864	15324
20864	15325
20864	15327
20864	15333
20864	15335
20864	15336
20864	15338
20864	15343
20864	15355
20864	15385
20864	15386
20864	15388
20864	15389
20864	15390
20864	15391
20864	15392
20864	15461
20864	15462
20865	15229
20865	15230
20865	15233
20865	15235
20865	15236
20865	15240
20865	15246
20865	15247
20865	15249
20865	15250
20865	15252
20865	15262
20865	15264
20865	15277
20865	15311
20865	15312
20865	15318
20865	15319
20865	15320
20865	15323
20865	15324
20865	15325
20865	15327
20865	15333
20865	15335
20865	15336
20865	15338
20865	15343
20865	15355
20865	15385
20865	15386
20865	15388
20865	15389
20865	15390
20865	15391
20865	15392
20865	15461
20865	15462
20866	15505
20874	15229
20874	15230
20874	15233
20874	15235
20874	15236
20874	15240
20874	15246
20874	15247
20874	15249
20874	15250
20874	15252
20874	15262
20874	15264
20874	15277
20874	15311
20874	15312
20875	15229
20875	15230
20875	15233
20875	15235
20875	15236
20875	15240
20875	15246
20875	15247
20875	15249
20875	15250
20875	15252
20875	15262
20875	15264
20875	15277
20875	15311
20875	15312
20876	15229
20876	15230
20876	15233
20876	15235
20876	15236
20876	15240
20876	15246
20876	15247
20876	15249
20876	15250
20876	15252
20876	15262
20876	15264
20876	15277
20876	15311
20876	15312
20877	15229
20877	15230
20877	15233
20877	15235
20877	15236
20877	15240
20877	15246
20877	15247
20877	15249
20877	15250
20877	15252
20877	15262
20877	15264
20877	15277
20877	15311
20877	15312
20878	15229
20878	15230
20878	15233
20878	15235
20878	15236
20878	15240
20878	15246
20878	15247
20878	15249
20878	15250
20878	15252
20878	15262
20878	15264
20878	15277
20878	15311
20878	15312
20879	15229
20879	15230
20879	15233
20879	15235
20879	15236
20879	15240
20879	15246
20879	15247
20879	15249
20879	15250
20879	15252
20879	15262
20879	15264
20879	15277
20879	15311
20879	15312
20881	15229
20881	15230
20881	15233
20881	15235
20881	15236
20881	15240
20881	15246
20881	15247
20881	15249
20881	15250
20881	15252
20881	15262
20881	15264
20881	15277
20881	15311
20881	15312
20882	15229
20882	15230
20882	15233
20882	15235
20882	15236
20882	15240
20882	15246
20882	15247
20882	15249
20882	15250
20882	15252
20882	15262
20882	15264
20882	15277
20882	15311
20882	15312
20884	15339
20884	15340
20884	15341
20884	15348
20884	15369
20884	15370
20885	15341
20885	15348
20885	15369
20885	15370
20886	15339
20886	15340
20886	15369
20886	15370
20888	15339
20888	15340
20888	15341
20888	15348
20888	15369
20888	15370
20889	15341
20889	15348
20889	15369
20889	15370
20890	15339
20890	15340
20890	15369
20890	15370
20926	15275
20927	15517
20928	15299
20928	15509
20929	15727
20930	15276
20931	15517
20932	15299
20932	15509
20933	15727
20934	15273
20934	15298
20951	11502
20951	11658
20951	11659
20951	11661
20951	11662
20951	11663
20951	11664
20951	11665
20951	11666
20951	11667
20951	11668
20951	11673
20951	11982
20951	11988
20951	12056
20951	12057
20951	12076
20951	12098
20951	12100
20951	12101
20951	12118
20951	12119
20951	12259
20951	12264
21024	12800
21024	12801
21024	12802
21024	12803
21027	12803
21137	15571
21138	11583
21146	12477
21146	12478
21146	12479
21147	12474
21147	12475
21147	12476
21148	5317
21148	5319
21148	5320
21149	15625
21211	4846
21211	5856
21211	11472
21211	2251
21211	7855
21220	15339
21221	15727
21229	15263
21229	15275
21229	15276
21229	15299
21229	15509
21229	15510
21229	15511
21229	15516
21229	15517
21229	15543
21229	15544
21230	15229
21230	15230
21230	15233
21230	15235
21230	15236
21230	15240
21230	15246
21230	15247
21230	15249
21230	15250
21230	15252
21230	15262
21230	15264
21230	15277
21230	15311
21230	15312
21377	14342
21377	7153
21377	7154
21377	7155
21377	7156
21377	7157
21377	7158
21377	9462
21377	9464
21383	7438
21383	7439
21383	7440
21383	7441
21383	7442
21383	10738
21383	10916
21757	15668
21757	15669
21757	15670
21757	15937
21757	15950
21770	15937
21771	15668
21771	15669
21771	15937
21776	15668
21776	15669
21776	15670
21776	15937
21776	15950
21781	15949
21808	15638
21884	20585
21928	7430
21928	7431
21928	7432
21928	7433
21928	7434
21928	7443
21928	7444
21928	7445
21928	7446
21935	8538
21935	8539
21935	8540
21935	8541
21935	8542
21936	7523
21936	7524
21937	12178
21937	12179
21938	16043
21982	9196
21982	9197
21982	9198
21982	9199
21982	9200
21982	9201
21982	9216
21982	9217
21982	9218
21982	9219
21982	10584
21982	11440
21982	11441
21982	11442
21982	11443
21982	11444
21982	11445
21982	11448
21982	11450
21982	11501
21982	14351
21984	16080
21984	16097
21984	16101
21984	16102
21984	16118
21987	9017
21988	9816
21989	15206
22047	16059
22094	4364
22094	4366
22094	4370
22094	4371
22123	5314
22138	9717
22138	9718
22138	9736
22138	9817
22138	9818
22138	9819
22138	10316
22138	10317
22138	10318
22138	10319
22138	10429
22138	10509
22138	10680
22138	10681
22138	10742
22138	10899
22138	9044
22138	9045
22138	9097
22138	9098
22138	9257
22138	9258
22138	9259
22138	9260
22138	9261
22138	9262
22138	9263
22138	9264
22138	9583
22138	9596
22138	9692
22138	9693
22138	9716
22216	14507
22217	15348
22224	11470
22224	11471
22224	11472
22224	11473
22224	11475
22226	11730
22226	11731
22226	11732
22226	11733
22226	11734
22227	7428
22227	7429
22228	9448
22229	7071
22229	7072
22229	7075
22381	11735
22381	11736
22381	11737
22381	11738
22381	11739
22435	10040
22435	10041
22435	6551
22435	6552
22435	6553
22435	6554
22435	6555
22444	8580
22484	14697
22484	16141
22484	16143
22484	16298
22484	16299
22484	16379
22484	16380
22484	16383
22487	16294
22525	16184
22525	8555
22525	8556
22525	8557
22525	8558
22525	9031
22525	10412
22525	10413
22525	10437
22525	11551
22526	10390
22526	10391
22526	10393
22526	10394
22526	10432
22526	10478
22526	10485
22526	10486
22526	10487
22526	10488
22526	10489
22526	10491
22526	10816
22526	10826
22526	11058
22526	11082
22526	11121
22526	11476
22526	11477
22526	11598
22526	11622
22526	8523
22526	8524
22526	8525
22526	8526
22526	8527
22526	8528
22526	8529
22526	1783
22526	1784
22526	1785
22526	1787
22526	1788
22526	1789
22527	7031
22527	7032
22527	7132
22527	8278
22527	8519
22527	8520
22527	8521
22527	8522
22527	8909
22527	8910
22527	8911
22527	9017
22527	9025
22527	9026
22527	9376
22527	9816
22527	9878
22527	9879
22527	11480
22527	11483
22527	11484
22527	11744
22527	11745
22527	11746
22527	11747
22527	13279
22527	13280
22527	14399
22527	14400
22527	14454
22527	14455
22527	14457
22527	14458
22527	14460
22527	14461
22527	14462
22527	14464
22527	14478
22527	15209
22527	15211
22527	15212
22527	15307
22527	6520
22527	6521
22528	5840
22528	5844
22528	5846
22528	15692
22528	9717
22528	9718
22528	9736
22528	9938
22528	10043
22528	10584
22528	7025
22528	7026
22528	7027
22528	7028
22528	7029
22528	7033
22528	7034
22528	7035
22528	8504
22528	8566
22528	8891
22528	8892
22528	8893
22528	8894
22528	8895
22528	8896
22528	8897
22528	8898
22528	8899
22528	8900
22528	8902
22528	8903
22528	8904
22528	8905
22528	8906
22528	8907
22528	8908
22528	8909
22528	8910
22528	8911
22528	8912
22528	8913
22528	8914
22528	8915
22528	8916
22528	8920
22528	8921
22528	8922
22528	8923
22528	8924
22528	8925
22528	8926
22528	8927
22528	8928
22528	8929
22528	8932
22528	8933
22528	8977
22528	8980
22528	8983
22528	9016
22528	9017
22528	9018
22528	9019
22528	9024
22528	9025
22528	9026
22528	9027
22528	9028
22528	9029
22528	9030
22528	9031
22528	9032
22528	9033
22528	9041
22528	9042
22528	9043
22528	9044
22528	9045
22528	9056
22528	9097
22528	9098
22528	9156
22528	9176
22528	9196
22528	9197
22528	9198
22528	9199
22528	9200
22528	9201
22528	9216
22528	9217
22528	9218
22528	9219
22528	9236
22528	9237
22528	9239
22528	9240
22528	9241
22528	9257
22528	9258
22528	9259
22528	9260
22528	9261
22528	9262
22528	9263
22528	9264
22528	9265
22528	9266
22528	9267
22528	9268
22528	9269
22528	9319
22528	9398
22528	9437
22528	9438
22528	9439
22528	9441
22528	9442
22528	9443
22528	9445
22528	9476
22528	9499
22528	9502
22528	9522
22528	9537
22528	9541
22528	9543
22528	9545
22528	9547
22528	9554
22528	9568
22528	9583
22528	9596
22528	9605
22528	9677
22528	9678
22528	9680
22528	9681
22528	9692
22528	9693
22528	9716
22528	24818
22528	24819
22529	7138
22529	7139
22529	9601
22529	13021
22529	13022
22529	13196
22529	13197
22529	13285
22529	14303
22529	5881
22529	6509
22529	6510
22529	6511
22529	6512
22529	11458
22529	11459
22529	11461
22529	11462
22529	11464
22529	11465
22529	11489
22529	12220
22529	12258
22566	16323
22567	16324
22570	16347
22570	16348
22570	16349
22570	16350
22570	16351
22570	16353
22570	16354
22570	16355
22574	17870
22574	20514
22574	21061
22574	22286
22574	22298
22574	22311
22574	22323
22579	16402
22579	16403
22580	16304
22580	16310
22597	16314
22597	16315
22624	16135
22633	16342
22633	16343
22634	16334
22634	16335
22634	16337
22637	11380
22637	11382
22639	16340
22639	16341
22640	16358
22641	16301
22641	16302
22642	16303
22642	16305
22642	16307
22642	16308
22644	14266
22644	14279
22644	16350
22644	16351
22644	16352
22644	17522
22644	17523
22644	217
22644	442
22644	505
22644	539
22644	569
22644	574
22644	616
22644	930
22644	949
22644	1111
22644	1112
22644	1184
22644	1185
22644	1195
22644	1780
22644	1781
22644	11921
22644	12433
22644	2348
22644	2349
22644	2350
22644	2563
22644	2565
22644	3819
22644	3820
22644	3821
22644	4005
22644	4006
22644	4007
22644	4040
22644	4263
22644	4264
22653	16329
22677	16345
22708	16506
22734	15727
22786	22095
22786	22180
22786	22252
22786	22257
22786	22341
22786	23029
22786	23219
22786	23311
22786	23501
22786	17156
22786	17157
22786	18352
22786	18419
22786	18465
22786	18859
22786	18877
22786	18883
22786	18884
22786	19505
22786	19986
22786	19988
22786	20141
22786	20501
22786	20606
22786	20607
22786	20634
22786	20671
22786	20766
22786	20774
22786	20777
22786	20801
22786	20929
22786	21123
22786	21251
22786	21326
22786	21649
22786	21723
22786	21816
22786	21854
22786	21923
22790	18323
22790	18328
22790	18634
22790	18639
22790	18640
22790	18702
22790	19306
22790	19307
22790	20265
22790	21126
22790	21127
22790	21251
22790	21842
22790	21843
22790	22095
22790	23029
22829	16845
22829	16959
22829	24918
22829	24919
22829	26801
22829	27232
22829	38032
22832	24474
22832	24714
22832	24918
22832	24919
22832	26456
22832	27613
22832	16959
22889	16520
22892	16422
22892	16423
22892	16437
22892	16438
22893	16245
22894	16246
22934	16517
23165	16344
23166	16346
23167	16469
23217	16932
23217	16933
23217	19189
23218	16974
23218	16975
23228	15409
23239	16972
23249	15407
23250	8408
23269	16951
23336	16880
23336	16992
23338	16857
23338	16968
23339	16903
23339	20158
23387	16973
23483	16966
23483	16967
23483	17084
23553	15636
23580	17084
23588	17034
23588	17035
23588	17039
23588	17053
23589	16846
23589	16847
23614	17102
23643	4120
23676	17200
23676	17201
23677	17201
23678	17202
23679	697
23681	17207
23685	17196
23687	17057
23688	17206
23706	16339
23707	16350
23707	16351
23707	16352
23723	16808
23723	20597
23733	17189
23744	17358
23757	17216
23757	17217
23759	17193
23759	17194
23759	17195
23789	17186
23789	17187
23833	17328
23833	17329
23834	17330
23845	17199
23849	17190
23849	17191
23849	17192
23849	17475
23850	17475
23860	17447
23869	17352
23870	17496
23873	17606
23881	17306
23881	18436
23886	17308
23886	18433
23894	17370
23894	17377
23894	17381
23894	18607
23894	18608
23894	18621
23899	17243
23900	17528
23901	17536
23901	18432
23910	17591
23932	17334
23932	17336
23933	16524
23984	17322
23984	17323
23984	17324
23984	17325
23984	17326
23984	17327
23984	17328
23984	17329
23984	17330
23984	17334
23984	17336
23984	17337
23984	17338
23984	17339
23984	17340
23984	17341
23984	17342
23984	17343
23984	17344
23984	17346
23984	17347
23984	17348
23984	17350
23984	17352
23984	17353
23984	17358
23984	17494
23984	17496
23984	17522
23984	17523
23984	17527
23984	17550
23984	17588
23984	17589
23984	17592
23984	17604
23984	17606
23984	17607
23984	17608
23984	17609
23984	17610
23984	17661
23984	17664
23984	17683
23984	17713
23984	17714
23984	17715
23994	17344
23997	17359
24025	2755
24025	2757
24025	2759
24025	5276
24025	5357
24025	5358
24025	5359
24025	5360
24025	5361
24025	5432
24025	5466
24025	5467
24025	5469
24025	5470
24025	5981
24025	6129
24025	6130
24025	6131
24025	6148
24025	6501
24025	6502
24025	6575
24025	6646
24025	17661
24025	10043
24025	10919
24025	10981
24025	10982
24025	10986
24025	10987
24025	10990
24025	10991
24025	11196
24025	11553
24025	11603
24025	11678
24025	11783
24025	12124
24025	12207
24025	13316
24025	13317
24025	13396
24025	13397
24025	13618
24025	13676
24025	13738
24025	13896
24025	14603
24025	14604
24025	14638
24025	14639
24025	14640
24025	15750
24025	15816
24025	1836
24025	1842
24025	7108
24025	7272
24025	7795
24025	7796
24025	7803
24025	7808
24025	7809
24025	7899
24025	7902
24025	8075
24025	8196
24025	8198
24025	8215
24025	8217
24025	8282
24025	8336
24025	8391
24025	8438
24025	8442
24025	8497
24025	8504
24025	8925
24025	8926
24025	8927
24025	8928
24025	8932
24025	8933
24025	9026
24025	9438
24025	9439
24025	9445
24025	9447
24025	9476
24025	9477
24025	9621
24025	9683
24026	7108
24026	7135
24026	7809
24026	8075
24026	8196
24026	8198
24026	8925
24026	8926
24026	8928
24026	8932
24026	8933
24026	9445
24026	9447
24026	9452
24026	9477
24026	9683
24026	17348
24026	2755
24026	2757
24026	2759
24026	5276
24026	5358
24026	5432
24026	5469
24026	5981
24026	6129
24026	6130
24026	6131
24026	6147
24026	6148
24026	6502
24026	6503
24026	10043
24026	10919
24026	10981
24026	10986
24026	10987
24026	10990
24026	10991
24026	11553
24026	11603
24026	11675
24026	11678
24026	11837
24026	12207
24026	12397
24026	13618
24026	14283
24026	14603
24026	14604
24026	14638
24026	14639
24026	15742
24026	15743
24026	15744
24026	15750
24026	15751
24026	15757
24026	15758
24026	15816
24026	15818
24040	12397
24040	7286
24040	7604
24040	7605
24040	7606
24040	7608
24040	7789
24040	7805
24040	8138
24040	8337
24040	5402
24040	5623
24040	2417
24040	2447
24040	2726
24040	2755
24040	2763
24040	2919
24040	731
24040	13718
24040	13740
24040	13742
24041	13696
24041	13718
24041	13739
24041	13740
24041	13741
24041	13742
24041	14445
24041	15750
24041	15751
24041	15752
24041	15815
24041	4687
24041	5402
24041	5432
24041	5623
24041	5760
24041	6069
24041	6239
24041	10120
24041	11783
24041	12207
24041	17673
24041	7091
24041	7272
24041	7276
24041	7286
24041	7604
24041	7605
24041	7606
24041	7608
24041	7789
24041	7795
24041	7796
24041	7797
24041	7803
24041	7805
24041	7808
24041	7809
24041	7848
24041	7899
24041	7901
24041	7902
24041	8138
24041	8199
24041	8200
24041	8337
24041	8504
24041	8876
24041	731
24041	23786
24041	2433
24041	2447
24041	2601
24041	2624
24041	2726
24041	2745
24041	2749
24041	2754
24041	2755
24041	2763
24041	2919
24041	2937
24041	4339
24041	4392
24041	4398
24041	4399
24041	4400
24041	4402
24041	4405
24042	2417
24042	2433
24042	2447
24042	2726
24042	2754
24042	2919
24042	5402
24042	5432
24042	5623
24042	5760
24042	13696
24042	13718
24042	13739
24042	13742
24042	15748
24042	15815
24042	11783
24042	12207
24042	12397
24042	7272
24042	7276
24042	7286
24042	7604
24042	7605
24042	7606
24042	7608
24042	7789
24042	7795
24042	7796
24042	7797
24042	7808
24042	7848
24042	7899
24042	8337
24043	7091
24043	7272
24043	7276
24043	7286
24043	7604
24043	7605
24043	7606
24043	7608
24043	7789
24043	7795
24043	7796
24043	7797
24043	7803
24043	7805
24043	7808
24043	7809
24043	7848
24043	7899
24043	7901
24043	7902
24043	8199
24043	8200
24043	8336
24043	8337
24043	8438
24043	8442
24043	8497
24043	8504
24043	9438
24043	9439
24043	9445
24043	9476
24043	13696
24043	13738
24043	13739
24043	13740
24043	13742
24043	14445
24043	14603
24043	14604
24043	14638
24043	14639
24043	14748
24043	15750
24043	15751
24043	16135
24043	2433
24043	2447
24043	2726
24043	2754
24043	2755
24043	2919
24043	2937
24043	4339
24043	4405
24043	5276
24043	5357
24043	5358
24043	5359
24043	5360
24043	5361
24043	5432
24043	5434
24043	5466
24043	5469
24043	5623
24043	10043
24043	11783
24043	12207
24043	731
24049	4490
24049	4689
24049	5934
24049	6427
24049	6575
24049	314
24049	334
24049	531
24049	1716
24049	1717
24049	1755
24049	3799
24049	4113
24049	4293
24049	7068
24049	7069
24049	7071
24049	7072
24049	15806
24049	15807
24049	15814
24049	10992
24068	12918
24068	14275
24068	14357
24068	15749
24068	15806
24068	15807
24068	15814
24068	3799
24068	4113
24068	4293
24068	10720
24068	10882
24068	10992
24068	12876
24068	314
24068	334
24068	531
24068	1716
24068	1717
24068	1755
24068	4511
24068	4627
24068	4689
24068	4969
24068	4978
24068	5797
24068	5798
24068	5827
24068	5851
24068	5859
24068	5915
24068	5916
24068	5930
24068	6071
24068	6168
24068	6209
24068	6215
24068	6426
24068	6575
24068	7068
24068	7071
24068	7075
24068	7360
24068	7849
24081	13696
24081	14445
24081	7276
24081	7286
24081	7604
24081	7606
24081	7608
24081	7789
24081	7795
24081	7796
24081	7805
24081	7848
24081	7899
24081	7902
24081	5623
24081	11783
24081	12207
24081	2726
24081	2763
24139	17225
24153	17714
24225	17830
24236	17606
24238	18117
24238	18118
24238	18159
24238	20443
24240	18120
24240	18121
24240	18160
24240	18992
24240	20442
24240	20444
24246	17723
24246	17724
24246	17725
24246	17770
24246	17871
24246	17882
24246	18105
24246	20168
24246	20169
24246	20183
24246	20184
24246	21694
24248	17882
24248	20184
24279	18437
24280	18044
24280	18046
24280	18086
24280	18087
24280	18088
24280	18089
24280	18340
24280	19946
24280	19947
24280	20088
24280	20089
24291	18124
24291	18125
24291	18127
24291	19402
24291	19519
24330	18088
24330	18089
24330	18340
24330	20088
24330	20089
24367	17721
24367	17800
24367	17801
24367	17802
24367	17803
24367	17805
24368	17721
24368	17722
24368	17800
24368	17801
24368	17802
24368	17803
24368	17805
24368	17938
24368	17957
24368	17958
24368	17959
24368	17960
24368	17961
24368	19885
24368	19886
24368	19887
24368	19888
24368	19889
24368	19890
24368	21126
24368	21127
24368	21218
24368	21220
24368	21221
24368	21224
24368	21225
24368	21226
24368	21227
24368	21228
24368	21229
24368	21230
24368	21231
24368	21232
24368	21251
24368	21263
24368	21298
24368	21299
24368	21301
24368	21339
24368	21842
24368	21843
24368	21863
24372	18132
24372	18133
24372	18283
24372	20197
24372	20198
24373	18124
24374	18138
24375	18213
24375	18214
24375	20324
24399	17604
24399	17606
24399	17607
24399	17608
24399	17609
24401	17723
24401	17725
24401	18086
24401	18087
24401	18088
24401	18089
24401	18122
24401	18124
24401	18125
24401	18127
24401	18128
24401	18129
24401	18130
24401	18131
24401	18133
24401	18136
24401	18137
24401	18212
24401	18213
24401	18214
24401	18280
24401	18282
24401	18286
24401	18340
24401	19402
24401	19519
24401	19734
24401	19946
24401	19947
24401	20088
24401	20089
24401	20198
24401	20291
24401	20292
24401	20293
24401	20294
24401	20295
24401	20324
24401	20387
24401	20477
24401	21694
24401	22095
24414	16522
24426	18128
24426	18129
24426	20387
24427	18134
24449	18128
24449	18129
24449	18134
24449	18135
24449	18280
24449	18281
24469	17154
24472	18159
24473	18062
24480	12377
24480	12378
24480	12379
24480	7370
24483	18124
24484	18124
24485	18133
24485	20198
24486	18214
24487	22891
24488	22892
24493	18131
24493	18285
24496	18259
24497	18113
24497	18114
24497	20270
24503	18182
24504	17158
24504	17159
24504	17160
24505	18290
24513	18257
24514	22890
24523	18258
24542	18202
24542	18203
24542	18204
24542	18207
24542	18211
24542	18238
24543	18204
24558	18238
24559	18238
25416	17149
25433	17134
25433	17135
25433	17136
25433	17137
25433	17138
25433	18037
25433	18064
25433	18065
25433	18351
25433	18352
25433	18413
25433	18423
25448	18283
25459	18285
25460	18369
25461	20690
25462	20568
25463	18334
25468	18352
25554	17147
25590	18423
25666	18475
25672	18468
25678	18465
25719	22387
25719	22388
25719	18449
25719	18450
25719	18451
25719	18452
25719	18453
25719	18454
25719	18455
25719	18533
25719	18539
25719	18540
25719	18541
25719	18685
25744	18461
25744	18463
25744	18648
25744	21854
25751	18567
25767	18585
25768	18586
25769	18588
25802	18466
25802	18467
25807	18476
25807	18477
25807	18670
25812	18476
25812	18477
25815	18648
25837	18670
25852	18707
25891	18750
26002	24812
26002	27648
26002	28024
26002	28076
26002	28077
26002	28931
26002	29350
26002	29794
26002	29854
26002	32280
26042	23026
26042	16945
26042	17128
26042	17129
26042	17130
26042	17131
26042	17132
26042	17133
26042	17134
26042	17135
26042	17136
26042	17137
26042	17138
26042	17141
26042	17146
26042	17148
26042	17149
26042	17150
26042	17153
26042	17154
26042	17155
26042	17156
26042	17158
26042	17159
26042	17160
26042	18037
26042	18043
26042	18062
26042	18064
26042	18065
26042	18205
26042	18207
26042	18220
26042	18238
26042	18258
26042	18289
26042	18298
26042	18334
26042	18413
26042	18423
26042	18535
26042	18536
26042	18567
26042	18658
26042	18661
26043	16945
26043	17128
26043	17129
26043	17130
26043	17131
26043	17132
26043	17133
26043	17134
26043	17135
26043	17136
26043	17137
26043	17138
26043	17139
26043	17141
26043	17148
26043	17153
26043	17154
26043	17155
26043	17156
26043	17157
26043	17158
26043	17159
26043	17981
26043	18037
26043	18062
26043	18064
26043	18065
26043	18202
26043	18205
26043	18220
26043	18226
26043	18258
26043	18289
26043	18290
26043	18334
26043	18352
26043	18413
26043	18423
26043	18535
26043	18536
26043	18963
26043	18964
26043	23026
27632	18473
27632	20706
27633	18472
27633	20690
27807	17158
27807	17159
27807	17160
27841	19055
27861	18452
27861	18453
27943	19174
28292	19493
28368	19593
28376	19635
28417	18880
28475	19926
28479	19657
28490	18344
28490	20266
28527	18864
28552	16906
28562	16978
28563	19738
28635	20134
28636	20136
28637	18850
28637	20135
28665	19201
28667	17129
28668	17133
28677	19847
28769	17976
28769	21551
28787	18856
28829	20215
28970	18877
28970	20332
29026	20138
29051	20145
29113	17058
29154	21233
29161	17014
29161	19527
29162	16939
29163	18885
29163	18886
29163	20202
29164	20202
29209	18875
29209	19641
29209	19642
29216	18872
29216	18873
29216	21058
29260	20243
29331	19543
29338	20480
29338	20496
29338	20512
29338	21065
29365	20409
29366	20416
29396	20397
29397	20435
29411	20685
29425	16944
29425	16945
29425	17146
29425	17147
29425	17148
29425	17151
29425	17152
29425	18567
29425	18658
29425	18661
29425	21660
29425	21661
29425	21662
29425	21902
29425	21907
29426	16769
29426	18548
29426	18554
29426	18583
29426	5355
29426	1410
29443	19957
29459	20619
29460	18309
29460	18311
29460	18312
29460	18313
29460	18315
29460	18331
29460	18875
29460	19307
29460	19641
29460	19642
29460	20255
29460	20256
29460	20258
29460	20259
29460	20260
29460	20261
29460	20265
29460	20452
29460	20453
29460	20456
29460	20458
29460	20459
29460	20474
29460	20601
29460	20609
29460	20614
29460	20727
29460	20770
29460	20854
29460	20896
29460	20897
29460	21702
29460	22241
29460	22242
29460	22243
29460	22244
29460	22821
29460	22822
29460	23008
29460	23153
29460	23154
29464	20210
29475	18469
29476	19188
29480	20324
29481	19402
29545	20140
29545	20207
29546	20139
29586	20798
29591	20458
29591	20459
29624	20800
29625	20801
29738	20779
29739	16769
29739	17993
29739	17994
29739	18404
29739	18419
29739	18420
29739	18421
29739	18422
29739	18548
29739	18554
29739	18583
29739	18697
29739	18850
29739	18852
29739	18853
29739	18855
29739	18857
29739	19167
29739	19168
29739	19453
29739	19486
29739	19505
29739	19507
29739	19508
29739	19509
29739	19510
29739	19633
29739	19643
29739	19657
29739	19705
29739	19707
29739	19779
29739	19792
29739	19795
29739	19796
29739	19806
29739	20059
29739	20136
29739	20139
29739	20140
29739	20207
29739	20221
29739	20248
29739	20435
29739	20857
29739	20859
29739	20869
29739	20988
29739	20990
29739	21089
29739	21179
29739	21180
29739	21503
29739	21505
29739	21558
29739	21742
29739	21743
29739	21979
29739	22012
29739	22016
29739	22017
29739	22018
29739	22076
29739	22093
29739	24976
29739	1410
29739	5355
29740	22195
29740	22204
29740	22254
29740	22291
29740	22341
29740	22342
29740	22343
29740	22363
29740	22393
29740	22394
29740	22825
29740	22827
29740	22828
29740	23386
29740	25001
29740	16943
29740	16944
29740	16945
29740	16949
29740	17146
29740	17147
29740	17148
29740	17151
29740	17152
29740	18567
29740	18631
29740	18632
29740	18633
29740	18634
29740	18635
29740	18636
29740	18637
29740	18638
29740	18639
29740	18640
29740	18641
29740	18642
29740	18658
29740	18661
29740	18663
29740	18667
29740	18732
29740	18794
29740	18796
29740	18848
29740	18858
29740	18859
29740	18860
29740	19208
29740	19209
29740	19231
29740	19712
29740	19713
29740	19716
29740	19740
29740	19754
29740	19755
29740	19756
29740	19852
29740	19853
29740	19960
29740	19961
29740	19963
29740	19978
29740	19979
29740	20285
29740	20326
29740	20637
29740	20653
29740	20803
29740	20878
29740	20879
29740	20880
29740	20881
29740	20882
29740	20883
29740	20888
29740	20900
29740	20901
29740	20902
29740	20918
29740	20928
29740	20929
29740	20930
29740	21249
29740	21302
29740	21516
29740	21519
29740	21660
29740	21661
29740	21662
29740	21902
29740	21907
29768	20775
29795	19298
29797	18860
29797	20285
29797	20326
29801	20671
29822	18869
29822	18870
29905	19622
29906	21212
30157	16871
30157	16873
30157	16907
30157	19422
30157	19424
30157	19442
30157	19457
30158	16964
30174	20713
30177	21023
30184	20748
30315	21238
30327	16876
30327	16925
30327	18952
30327	19701
30353	12057
30354	12057
30356	12098
30413	20731
30415	20726
30416	21296
30417	20116
30431	19995
30431	19998
30431	20334
30431	20728
30431	21296
30435	21319
30442	21309
30451	19799
30451	19800
30451	19802
30451	21166
30451	21337
30453	20427
30529	19943
30529	19944
30529	19945
30529	20113
30579	21499
30596	21455
30617	21409
30640	19792
30640	19795
30640	19796
30640	19806
30645	21315
30649	21663
30672	19754
30672	19756
30679	21179
30679	21180
30689	21287
30691	21711
30692	21709
30693	21416
30694	21710
30695	19755
30706	21767
30743	21821
30756	21499
30782	21817
30783	21820
30785	21500
30786	21501
30791	20747
30792	21373
30792	21839
30797	21801
30798	20751
30799	21815
30800	21784
30807	21102
30808	18667
30808	20637
30809	16943
30809	16949
30809	18631
30809	18632
30809	18633
30809	18634
30809	18635
30809	18636
30809	18637
30809	18638
30809	18639
30809	18640
30809	18641
30809	18642
30809	18663
30809	18667
30809	18731
30809	18732
30809	18794
30809	18796
30809	18848
30809	18858
30809	18859
30809	18860
30809	19208
30809	19209
30809	19231
30809	19712
30809	19713
30809	19716
30809	19740
30809	19754
30809	19755
30809	19756
30809	19852
30809	19853
30809	19960
30809	19961
30809	19963
30809	19978
30809	19979
30809	20285
30809	20326
30809	20636
30809	20637
30809	20653
30809	20803
30809	20878
30809	20879
30809	20880
30809	20881
30809	20882
30809	20883
30809	20888
30809	20900
30809	20901
30809	20902
30809	20918
30809	20928
30809	20929
30809	20930
30809	21249
30809	21302
30809	21516
30809	21519
30809	22195
30809	22204
30809	22254
30809	22291
30809	22341
30809	22342
30809	22343
30809	22357
30809	22363
30809	22393
30809	22394
30809	22825
30809	22827
30809	22828
30809	23386
30809	25001
30810	21979
30810	22012
30810	22016
30810	22017
30810	22018
30810	22076
30810	22093
30810	24976
30810	17993
30810	17994
30810	18404
30810	18419
30810	18420
30810	18421
30810	18422
30810	18697
30810	18850
30810	18852
30810	18853
30810	18855
30810	18857
30810	19167
30810	19168
30810	19453
30810	19486
30810	19505
30810	19507
30810	19508
30810	19509
30810	19510
30810	19633
30810	19643
30810	19657
30810	19707
30810	19779
30810	19792
30810	19795
30810	19796
30810	19806
30810	20059
30810	20136
30810	20139
30810	20140
30810	20207
30810	20221
30810	20248
30810	20435
30810	20857
30810	20859
30810	20869
30810	20988
30810	20990
30810	21089
30810	21179
30810	21180
30810	21503
30810	21505
30810	21742
30810	21743
30819	21408
30827	18732
30827	20653
30828	17797
30828	20629
30829	16809
30829	20596
30840	20668
30849	20749
30851	21897
30867	21462
31085	17977
31085	21582
31086	19220
31086	21537
31119	21809
31120	21809
31120	21810
31132	22466
31132	21380
31132	21381
31132	21849
31169	22025
31239	22037
31241	22037
31260	19826
31260	19827
31260	21386
31261	19826
31261	19827
31261	21386
31262	19826
31262	19827
31262	21386
31271	22012
31278	21979
31278	22016
31278	22017
31278	22018
31278	22076
31278	22093
31307	22006
31316	19792
31316	19796
31316	19806
31345	21979
31363	20753
31374	19442
31384	21300
31489	19988
31489	19989
31489	19990
31489	20329
31529	19457
31651	20765
31651	20766
31653	16949
31656	21004
31670	20728
31670	20729
31670	20751
31670	21124
31670	22052
31671	20749
31671	21123
31706	22374
31707	21661
31707	21902
31707	21907
31716	20585
31721	20633
31722	20657
31741	22408
31744	17975
31744	21558
31750	19044
31751	17225
31753	17839
31753	21104
31757	19978
31757	19979
31757	21516
31757	21519
31814	22482
31815	18884
31826	22038
31941	22825
31941	22826
31941	22827
31941	22828
31941	20888
31956	23008
31956	20452
31956	20453
31956	20454
31956	20456
31956	20458
31956	20459
31956	20474
31956	20727
31956	20770
31956	20854
31957	20783
31957	20784
31957	20785
31957	20786
31957	20788
31957	20789
31957	20790
32061	22920
32355	22993
32356	22992
32357	22994
32379	20216
32383	22910
32385	17257
32386	17257
32388	21644
32388	21649
32388	21650
32388	21911
32388	23066
32388	23067
32388	23068
32405	19622
32427	23169
32427	23264
32427	23267
32427	23269
32427	23285
32427	23286
32427	23290
32427	23305
32427	23324
32427	23326
32427	23501
32459	17767
32464	23169
32470	23169
32470	23326
32506	23169
32506	23264
32506	23285
32506	23286
32506	23290
32506	23305
32506	23324
32506	23326
32506	23501
32509	23188
32523	23066
32569	22175
32569	22180
32569	22181
32569	22182
32569	22195
32569	22204
32569	22241
32569	22242
32569	22243
32569	22244
32569	22254
32569	22291
32569	22298
32569	22304
32569	23061
32569	23153
32569	23154
32569	23174
32569	23261
32569	23281
32569	23282
32569	23386
32569	18692
32569	19973
32569	20557
32621	23267
32666	20931
32697	22275
32715	23161
32716	23163
32717	23165
32718	23162
32723	23169
32726	23286
32726	23324
32732	23061
32732	23261
32732	23281
32732	23282
32733	22281
32733	23353
32733	23354
32733	23355
32822	23100
33037	23679
33039	23589
33071	23592
33071	23593
33071	23714
33071	4341
33071	4382
33084	23958
33084	23959
33085	23873
33085	4356
33085	4357
33102	23863
33103	4348
33103	4412
33106	23542
33106	23580
33106	23581
33106	23582
33106	23596
33106	23597
33106	23774
33106	24059
33106	24065
33106	24179
33106	24180
33106	24374
33106	24549
33109	24398
33109	24400
33110	23841
33112	23554
33112	23555
33114	23881
33115	23881
33120	23690
33120	23691
33120	24791
33123	23750
33126	4388
33175	4324
33175	4345
33187	23967
33188	23967
33202	23979
33277	23682
33282	24029
33289	23989
33289	23990
33289	23991
33289	23992
33289	23993
33289	24013
33289	24014
33330	23954
33337	23929
33347	23989
33347	23990
33347	23991
33348	23874
33348	23919
33348	24228
33351	23740
33355	24250
33420	24160
33470	28916
33470	28917
33470	28918
33470	28920
33470	28961
33470	28965
33470	28988
33470	29123
33470	29129
33470	29133
33470	29211
33470	29235
33470	29236
33470	29237
33470	29323
33470	29329
33470	29330
33470	29331
33470	29332
33470	29333
33470	29338
33470	29369
33470	29370
33470	29374
33470	29375
33470	29376
33470	29377
33470	29404
33470	29407
33470	29409
33470	29413
33470	29426
33470	29427
33470	29449
33470	29450
33470	29451
33470	29498
33470	29503
33470	29518
33470	29569
33470	29586
33470	29592
33470	29614
33470	29622
33470	29623
33470	29646
33470	29652
33470	29654
33470	29656
33470	29695
33470	29697
33470	29699
33470	29717
33470	29719
33470	29720
33470	29722
33470	29738
33470	29792
33470	29793
33470	29819
33470	29820
33470	29822
33470	29826
33470	29829
33470	29832
33470	29836
33470	29838
33470	29843
33470	29862
33470	29874
33470	29875
33470	29880
33470	29920
33470	29931
33470	30037
33470	30046
33470	30111
33470	30146
33470	30147
33470	30179
33470	30202
33470	30204
33470	30205
33470	30243
33470	30250
33470	30276
33470	30277
33470	30278
33470	30283
33470	30284
33470	30285
33470	30286
33470	30287
33470	30319
33470	30333
33470	30409
33470	30414
33470	30457
33470	30459
33470	30460
33470	30478
33470	30485
33470	30496
33470	30498
33470	30509
33470	30516
33470	30517
33470	30541
33470	30543
33470	30597
33470	30632
33470	30660
33470	30666
33470	30667
33470	30668
33470	30687
33470	30689
33470	30695
33470	30701
33470	30725
33470	30746
33470	30747
33470	30751
33470	30764
33470	30765
33470	30766
33470	30806
33470	30816
33470	30817
33470	30818
33470	30820
33470	30821
33470	30831
33470	30856
33470	30860
33470	30863
33470	30864
33470	30865
33470	30868
33470	30893
33470	30894
33470	30901
33470	30904
33470	30915
33470	30916
33470	30920
33470	30921
33470	30922
33470	30925
33470	30926
33470	30927
33470	30929
33470	30930
33470	30931
33470	30932
33470	30933
33470	30935
33470	30936
33470	30939
33470	30949
33470	30951
33470	30952
33470	30957
33470	30958
33470	30966
33470	30967
33470	30968
33470	30971
33470	30972
33470	30974
33470	30975
33470	30976
33470	30977
33470	30980
33470	30981
33470	30982
33470	31037
33470	31039
33470	31042
33470	31043
33470	31139
33470	31140
33470	31145
33470	31147
33470	31150
33470	31152
33470	31155
33470	31178
33470	31179
33470	31187
33470	31199
33470	31200
33470	31201
33470	31231
33470	31258
33470	31267
33470	31338
33470	31339
33470	31340
33470	31342
33470	31345
33470	31347
33470	31351
33470	31352
33470	31354
33470	31355
33470	31357
33470	31359
33470	31363
33470	31371
33470	31372
33470	31373
33470	31374
33470	31375
33470	31376
33470	31377
33470	31378
33470	31396
33470	31399
33470	31401
33470	31402
33470	31403
33470	31411
33470	31442
33470	31443
33470	31450
33470	31451
33470	31457
33470	31459
33470	31460
33470	31466
33470	31468
33470	31471
33470	31472
33470	31475
33470	31486
33470	31490
33470	31493
33470	31501
33470	31503
33470	31504
33470	31554
33470	31658
33470	31659
33470	31660
33470	31661
33470	31662
33470	31663
33470	31666
33470	31667
33470	31671
33470	31675
33470	31681
33470	31693
33470	31718
33470	31731
33470	31738
33470	31746
33470	31754
33470	31783
33470	31787
33470	31843
33470	31847
33470	31853
33470	31900
33470	32149
33470	32164
33470	32191
33470	32192
33470	32236
33470	32238
33470	32250
33470	32255
33470	32257
33470	32259
33470	32262
33470	32263
33470	32268
33470	32276
33470	32278
33470	32279
33470	32284
33470	32285
33470	32289
33470	32290
33470	32291
33470	32297
33470	32349
33470	32353
33470	32507
33470	32572
33470	34728
33470	34734
33470	23643
33470	23644
33470	23645
33470	23651
33470	23652
33470	23653
33470	23654
33470	23655
33470	23656
33470	23657
33470	23658
33470	23660
33470	23661
33470	23662
33470	23663
33470	23664
33470	23665
33470	23666
33470	23667
33470	23668
33470	23669
33470	23670
33470	23672
33470	23673
33470	23674
33470	23675
33470	23676
33470	23677
33470	23678
33470	23711
33470	23760
33470	23793
33470	23794
33470	23796
33470	23866
33470	23871
33470	23875
33470	23883
33470	23931
33470	23932
33470	23934
33470	23940
33470	23946
33470	23956
33470	23960
33470	23961
33470	23967
33470	23989
33470	23990
33470	23991
33470	23992
33470	24013
33470	24014
33470	24015
33470	24016
33470	24030
33470	24069
33470	24071
33470	24073
33470	24078
33470	24079
33470	24080
33470	24082
33470	24084
33470	24085
33470	24116
33470	24161
33470	24162
33470	24169
33470	24201
33470	24212
33470	24213
33470	24214
33470	24215
33470	24216
33470	24238
33470	24249
33470	24250
33470	24286
33470	24334
33470	24398
33470	24400
33470	24469
33470	24485
33470	24533
33470	24540
33470	24546
33470	24562
33470	24567
33470	24628
33470	24635
33470	24638
33470	24642
33470	24644
33470	24676
33470	24713
33470	24779
33470	24788
33470	24789
33470	24846
33470	24849
33470	24871
33470	24872
33470	24957
33470	25026
33470	25209
33470	25227
33470	25294
33470	25301
33470	25316
33470	25350
33470	25351
33470	25353
33470	25378
33470	25383
33470	25386
33470	25392
33470	25393
33470	25396
33470	25427
33470	25428
33470	25429
33470	25430
33470	25432
33470	25433
33470	25434
33470	25448
33470	25449
33470	25467
33470	25468
33470	25470
33470	25479
33470	25496
33470	25501
33470	25520
33470	25521
33470	25522
33470	25523
33470	25601
33470	25605
33470	25609
33470	25611
33470	25613
33470	25615
33470	25619
33470	25650
33470	25651
33470	25660
33470	25668
33470	25684
33470	25713
33470	25719
33470	25760
33470	25788
33470	25789
33470	25800
33470	25801
33470	25803
33470	25804
33470	25806
33470	25836
33470	25839
33470	25843
33470	25880
33470	25979
33470	25981
33470	26073
33470	26076
33470	26103
33470	26115
33470	26126
33470	26165
33470	26196
33470	26197
33470	26198
33470	26199
33470	26201
33470	26202
33470	26252
33470	26257
33470	26266
33470	26268
33470	26270
33470	26280
33470	26295
33470	26319
33470	26334
33470	26336
33470	26343
33470	26344
33470	26348
33470	26356
33470	26357
33470	26389
33470	26405
33470	26408
33470	26409
33470	26410
33470	26411
33470	26413
33470	26414
33470	26416
33470	26425
33470	26428
33470	26434
33470	26436
33470	26447
33470	26449
33470	26451
33470	26455
33470	26457
33470	26461
33470	26480
33470	26481
33470	26492
33470	26493
33470	26496
33470	26544
33470	26550
33470	26553
33470	26554
33470	26555
33470	26575
33470	26577
33470	26578
33470	26605
33470	26606
33470	26620
33470	26621
33470	26623
33470	26624
33470	26626
33470	26635
33470	26636
33470	26637
33470	26638
33470	26639
33470	26641
33470	26655
33470	26658
33470	26663
33470	26669
33470	26670
33470	26679
33470	26681
33470	26694
33470	26696
33470	26704
33470	26705
33470	26708
33470	26716
33470	26722
33470	26727
33470	26728
33470	26729
33470	26734
33470	26735
33470	26762
33470	26769
33470	26770
33470	26771
33470	26786
33470	26795
33470	26797
33470	26800
33470	26802
33470	26805
33470	26811
33470	26812
33470	26815
33470	26816
33470	26820
33470	26823
33470	26825
33470	26827
33470	26828
33470	26830
33470	26836
33470	26891
33470	26919
33470	26920
33470	26921
33470	26922
33470	26923
33470	26926
33470	26942
33470	26943
33470	26946
33470	26948
33470	26965
33470	27004
33470	27005
33470	27006
33470	27007
33470	27008
33470	27009
33470	27020
33470	27024
33470	27117
33470	27118
33470	27122
33470	27177
33470	27202
33470	27203
33470	27206
33470	27207
33470	27209
33470	27210
33470	27211
33470	27220
33470	27224
33470	27225
33470	27226
33470	27229
33470	27232
33470	27233
33470	27234
33470	27235
33470	27236
33470	27237
33470	27238
33470	27246
33470	27247
33470	27259
33470	27260
33470	27272
33470	27278
33470	27279
33470	27283
33470	27284
33470	27286
33470	27287
33470	27288
33470	27289
33470	27330
33470	27332
33470	27333
33470	27334
33470	27340
33470	27342
33470	27343
33470	27355
33470	27356
33470	27357
33470	27358
33470	27360
33470	27362
33470	27363
33470	27367
33470	27370
33470	27371
33470	27401
33470	27410
33470	27416
33470	27424
33470	27431
33470	27470
33470	27493
33470	27508
33470	27533
33470	27534
33470	27539
33470	27545
33470	27546
33470	27547
33470	27551
33470	27552
33470	27554
33470	27555
33470	27570
33470	27579
33470	27580
33470	27615
33470	27627
33470	27633
33470	27635
33470	27639
33470	27640
33470	27676
33470	27680
33470	27699
33470	27701
33470	27729
33470	27731
33470	27734
33470	27736
33470	27797
33470	27799
33470	27800
33470	27805
33470	27823
33470	27824
33470	27826
33470	27830
33470	27835
33470	27836
33470	27859
33470	27871
33470	27926
33470	27927
33470	27941
33470	27960
33470	27961
33470	27962
33470	27963
33470	27964
33470	27965
33470	27966
33470	27969
33470	28022
33470	28023
33470	28026
33470	28027
33470	28034
33470	28035
33470	28036
33470	28068
33470	28080
33470	28081
33470	28101
33470	28108
33470	28123
33470	28124
33470	28138
33470	28158
33470	28186
33470	28188
33470	28189
33470	28201
33470	28249
33470	28255
33470	28257
33470	28268
33470	28303
33470	28345
33470	28368
33470	28373
33470	28388
33470	28402
33470	28403
33470	28410
33470	28412
33470	28414
33470	28417
33470	28418
33470	28419
33470	28442
33470	28465
33470	28495
33470	28496
33470	28504
33470	28519
33470	28538
33470	28564
33470	28565
33470	28575
33470	28578
33470	28579
33470	28580
33470	28581
33470	28582
33470	28600
33470	28602
33470	28603
33470	28641
33470	28750
33470	28802
33470	28803
33470	28835
33470	28836
33470	28837
33470	28838
33470	28843
33470	28848
33470	28861
33487	24196
33487	24206
33605	23919
33611	23690
33611	23691
33611	24791
33628	24285
33814	18607
33815	20597
33821	19894
33826	20184
33827	20633
33833	18432
33834	20706
33835	20266
33836	20306
33840	20657
33847	20531
33858	20737
33859	21582
33860	21537
33861	21601
33961	23643
33961	23644
33961	23645
33961	24485
33961	24540
33962	23643
33962	23644
33962	23645
33962	24485
33962	24540
34027	24518
34031	17521
34032	24635
34035	24546
34040	23656
34042	23656
34043	24871
34051	19044
34069	22841
34069	22871
34069	22887
34069	22898
34069	22917
34069	22947
34069	22948
34069	23420
34069	17968
34070	22887
34070	24637
34071	22898
34081	25165
34081	25166
34084	24633
34084	25038
34088	11382
34089	11380
34101	24673
34116	22841
34116	22871
34116	22887
34116	22898
34116	22917
34116	22947
34116	22948
34116	23420
34118	24790
34122	24785
34128	24547
34133	23994
34136	23690
34136	23691
34136	24791
34137	23653
34137	23654
34137	23655
34137	23656
34137	23657
34137	24644
34157	24664
34157	24857
34160	24857
34235	24899
34387	25026
34597	25215
34597	25216
34597	25217
34600	25210
34617	25203
34618	24899
34618	25203
34618	25204
34621	25209
34709	24566
34709	25294
34709	25445
34774	25700
34774	25701
34774	26202
34775	25452
34781	25427
34786	25496
34787	25428
34787	25429
34787	25432
34800	25211
34800	25415
34804	25514
34813	25479
34814	25479
34814	25496
34815	26115
34909	25585
34956	25715
34957	25660
34958	25678
34959	25682
34972	25752
34972	25753
34972	25758
34972	25814
34974	25468
34976	25464
34976	25498
34977	24613
34977	24614
34977	25743
34980	25789
34980	25790
34983	25685
34983	25686
34983	25687
34983	25699
34983	25700
34983	25701
34984	25752
34984	25753
34984	25758
34984	25792
34984	25793
35122	25651
35123	25792
35188	25800
35188	25806
35188	25836
35188	25839
35188	25843
35188	25880
35188	25979
35222	25839
35222	25843
35231	18850
35231	18852
35231	18853
35231	18855
35231	18857
35231	19453
35231	19593
35231	19635
35231	19643
35231	19707
35231	19779
35231	19831
35231	19926
35231	20134
35231	20135
35231	20136
35231	20139
35231	20140
35231	20207
35231	20221
35231	20248
35231	20416
35231	21089
35277	25863
35277	25866
35277	25924
35353	26076
35354	26073
35355	25392
35483	25709
35484	25707
35486	25834
35490	26792
35490	30524
35492	25707
35492	25717
35492	25722
35492	25728
35493	25721
35628	25720
35629	25719
35648	25719
35668	25716
35669	25712
35685	25718
35686	26197
35686	26198
35686	26199
35686	26201
35687	26225
35709	26231
35709	26232
35711	25760
35726	26402
35726	26413
35726	26616
35747	26268
35747	26270
35747	26334
35774	26451
35782	26446
35795	27617
35798	26446
35798	29693
35800	26496
35801	26349
35802	26511
35831	26521
35837	26522
36727	26492
36727	26493
36728	26316
36729	26467
36729	26483
36731	26293
36736	26319
36736	26606
36736	26769
36736	26770
36736	26771
36740	26681
36741	26655
36742	26349
36744	26319
36744	26769
36744	26770
36744	26771
36746	26349
36752	26769
36753	26770
36754	26771
36756	26762
36776	24681
36780	26815
36793	26858
36800	26616
36800	26643
36803	27680
36819	27408
36825	26811
36825	26812
36826	26919
36852	26347
36852	26408
36852	26409
36853	27002
36854	27006
36855	27004
36855	27005
36856	27004
36856	27005
36857	26409
36858	26410
36875	26418
36940	27546
36940	27547
36957	26319
36958	26319
37010	26592
37020	26644
37020	27131
37035	27177
37104	27230
37121	27220
37121	27224
37121	27225
37121	27226
37121	27229
37124	27254
37136	27203
37136	27206
37137	27207
37137	27234
37185	26363
37199	26366
37200	26644
37200	27131
37229	27259
37248	27286
37248	27410
37251	26356
37251	26357
37251	26428
37251	26434
37251	26436
37305	27232
37350	27246
37359	27401
37411	27401
37412	27463
37432	27209
37565	27210
37569	27342
37569	27343
37580	27226
37662	27421
37830	27546
37830	27547
37833	27680
37879	27283
37880	27249
37882	27254
37910	27835
37910	27836
37911	27835
37911	27836
37912	27835
37912	27836
37913	27835
37913	27836
37931	27330
37931	27332
37931	27333
38098	27926
38280	23872
38281	23872
38321	28034
38321	28035
38321	28036
38325	28118
38326	28145
38329	28132
38329	28171
38473	28083
38477	28087
38505	28011
38514	28258
38521	28255
38522	28288
38523	28297
38551	28022
38551	28023
38551	28026
38551	28034
38551	28035
38551	28036
38551	28068
38551	28118
38551	28145
38551	28151
38551	28158
38551	28203
38551	28221
38551	28233
38551	28246
38551	28255
38551	28257
38551	28258
38551	28268
38551	28303
38551	28323
38551	28345
38551	28388
38551	28402
38551	28403
38551	28404
38551	28411
38551	28412
38551	28414
38551	28417
38551	28418
38551	28442
38551	28465
38551	28477
38551	28495
38551	28496
38551	28504
38551	28519
38551	28564
38551	28565
38551	28575
38551	28597
38551	28600
38551	28603
38551	28750
38551	28759
38551	28779
38551	28784
38551	28793
38551	28802
38551	28803
38551	28843
38551	28848
38551	28851
38551	28861
38551	28875
38551	28882
38551	28902
38551	28916
38551	28917
38551	28918
38551	28931
38551	28988
38551	29026
38551	29129
38551	29133
38551	29211
38551	29235
38551	29236
38551	29237
38551	29319
38551	29327
38551	29332
38551	29334
38551	29436
38551	29449
38551	29450
38551	29451
38551	29452
38551	29453
38551	29646
38551	29654
38551	29656
38551	29697
38551	29698
38551	29699
38551	16570
38559	28317
38610	28221
38620	28233
38638	28388
38638	28496
38642	28001
38642	28002
38642	28003
38642	28009
38642	28010
38642	28011
38642	28027
38642	28069
38642	28085
38642	28086
38642	28087
38642	28096
38642	28097
38642	28098
38642	28101
38642	28108
38642	28109
38642	28123
38642	28124
38642	28129
38642	28138
38642	28186
38642	28188
38642	28213
38642	28297
38642	28373
38642	28380
38642	28641
38642	28847
38642	29036
38642	29123
38642	29124
38677	28402
38677	28403
38677	28404
38681	28411
38686	28564
38695	28442
38700	28417
38700	28418
38700	28575
38703	28097
38708	28601
39150	28402
39150	28403
39160	28766
39161	28004
39167	28779
39227	28069
39301	28882
39318	28902
39328	28936
39328	28939
39328	28940
39328	28941
39328	28942
39328	28945
39328	28946
39328	29000
39328	29001
39328	29076
39328	28529
39328	28530
39328	28559
39328	28594
39328	28610
39540	28597
39541	28784
39646	29076
39647	29076
39681	25752
39681	25753
39681	25758
39681	25792
39681	25814
39681	29724
40066	29129
40394	28129
40645	29404
40645	29622
40645	29623
40690	29518
40731	29407
40744	29413
40944	29461
41115	29664
41258	29775
41267	29724
41359	29717
41361	29719
41362	29720
41363	29719
41363	29720
41363	29722
41363	29738
41393	29862
41399	29452
41424	29875
41503	29436
41504	29646
41514	29624
41556	29375
41558	29504
41843	29915
42204	29380
42423	30208
42510	30164
42542	30260
42640	30325
42770	30204
42770	30205
42770	30206
42770	30333
42780	28920
42780	28923
42780	28961
42780	28965
42780	29323
42780	29331
42780	29369
42780	29370
42780	29374
42780	29375
42780	29376
42780	29377
42780	29380
42780	29382
42780	29389
42780	29426
42780	29427
42780	29498
42780	29504
42780	29518
42780	29569
42780	29586
42780	29592
42780	29624
42780	29652
42780	29695
42780	29696
42780	29724
42780	29792
42780	29793
42780	29794
42780	29843
42780	29861
42780	29862
42780	30046
42780	30146
42780	30147
42780	30160
42780	30184
42780	30387
42780	30469
42780	30964
42780	30966
42780	30967
42780	30968
42780	30971
42780	30972
42780	30974
42780	30975
42780	30976
42780	30977
42780	30978
42780	30979
42780	30980
42780	30981
42780	30982
42780	30983
42780	31372
42780	31373
42780	31374
42780	31375
42780	31376
42780	31377
42780	31378
42780	31381
42780	31383
42780	31384
42780	31385
42780	31386
42780	31387
42780	31533
42780	31536
42780	31537
42780	31538
42780	31693
42780	27960
42780	27961
42780	27962
42780	27963
42780	27964
42780	27965
42780	27969
42780	27970
42780	27971
42780	27972
42780	27975
42780	27977
42780	27978
42780	28546
42780	28547
42780	28578
42780	28579
42780	28580
42780	28581
42780	28582
42780	28583
42780	28584
42780	28586
42780	28587
42780	28826
42780	28835
42780	28836
42780	28837
42780	28838
42782	30184
42783	30184
42927	29390
42927	29605
42927	30148
43013	29319
43013	29327
43013	29390
43013	29402
43013	29469
43013	29479
43013	29486
43013	29487
43013	29559
43013	29562
43013	29590
43013	29605
43013	29735
43013	29958
43013	30148
43013	30164
43013	30167
43013	30445
43013	30447
43013	30448
43013	30762
43013	30909
43013	18601
43013	18607
43013	18621
43013	23690
43013	23691
43013	23740
43013	23785
43013	23886
43013	23887
43013	23994
43013	24026
43013	24076
43013	24128
43013	24277
43013	24475
43013	24516
43013	24517
43013	24613
43013	24614
43013	24633
43013	24637
43013	24677
43013	24681
43013	24785
43013	24786
43013	24791
43013	24797
43013	24863
43013	24901
43013	25452
43013	25454
43013	25482
43013	25487
43013	25488
43013	25489
43013	25596
43013	25675
43013	25680
43013	25750
43013	25791
43013	26271
43013	26272
43013	26273
43013	26293
43013	26358
43013	26359
43013	26360
43013	26363
43013	26426
43013	26467
43013	26482
43013	26511
43013	26522
43013	26592
43013	26613
43013	26615
43013	26616
43013	26643
43013	26644
43013	26672
43013	26706
43013	27131
43013	27230
43013	27294
43013	27329
43013	27408
43013	27483
43013	27523
43013	27578
43013	27617
43013	27642
43013	27644
43013	28001
43013	28002
43013	28003
43013	28010
43013	28096
43013	28097
43013	28098
43013	28129
43013	28145
43013	28203
43013	28213
43013	28297
43013	28378
43013	28380
43013	28381
43013	28404
43013	28467
43089	29738
43089	29880
43089	29915
43089	30037
43089	30243
43089	30250
43089	30409
43089	30632
43089	30725
43089	30751
43089	30922
43089	31258
43089	31262
43089	31267
43089	31396
43089	31399
43089	31746
43089	31783
43089	31853
43089	32505
43151	28923
43151	31538
43169	30202
43169	30482
43169	30541
43169	30543
43225	30856
43225	30860
43225	30861
43225	30862
43225	30863
43225	30864
43225	30865
43225	30868
43225	31041
43225	31123
43225	31228
43225	31229
43225	31231
43225	31233
43225	31236
43225	31402
43225	31403
43225	31404
43259	30597
43291	30921
43314	30847
43314	30873
43322	30846
43322	30877
43323	30842
43323	30872
43324	30845
43324	34300
43411	29120
43411	31610
43511	30329
43511	31470
43526	30696
43527	30696
43528	30696
43529	30696
43662	31673
43665	30540
43669	30788
43670	31360
43693	31368
43699	31386
43724	31538
43726	31610
43821	31464
43823	31506
43997	31139
44001	31691
44001	23661
44001	23662
44001	23663
44001	23664
44001	23665
44001	23666
44001	23667
44001	23668
44001	23669
44001	23670
44047	31798
44153	31399
44220	32201
44319	32349
44320	32349
44529	31847
44569	15989
44577	29991
44631	31718
44808	30846
44808	30877
44809	30845
44809	34300
44921	26852
45064	33422
45506	32867
45506	32927
45857	33692
45857	33693
45897	33955
46381	5430
46859	34838
46859	34839
46889	34920
47037	35060
47048	35113
48418	35490
49205	4421
49536	36776
49641	36296
49643	36538
49643	10184
49644	10184
49644	36538
49676	34838
49676	34839
49872	36774
49908	37504
49908	37505
49908	37506
49908	37957
49908	37958
49908	37959
49908	38106
49908	38265
49908	38266
49908	38267
49908	38296
49908	38297
49908	38390
49908	38401
49908	38431
49908	38434
49908	38435
49908	38436
49908	38549
49908	38550
49908	38585
49908	38586
49908	38784
49908	38785
49908	39166
49908	39167
49908	39168
50226	37504
50226	37506
50231	38390
50231	38550
50254	37158
50274	37504
50274	37506
50274	37957
50274	37959
50274	38106
50274	38265
50274	38267
50274	38297
50274	38390
50274	38401
50274	38431
50274	38434
50274	38436
50274	38550
50274	38586
50274	38785
50274	39166
50274	39168
50320	36296
50432	69
50432	299
51026	36853
51026	38266
51027	38265
51027	38267
